SUPPLIER_ID,BRANCH_ID,ITEM_ID,PRIORITY
1104,L01,000001,0
1012,L01,000002,0
1013,L01,000003,0
1019,L01,000004,0
1025,L01,000005,0
1023,L01,000006,0
1035,L01,000007,0
1022,L01,000008,0
1032,L01,000009,0
1045,L01,000010,0
1037,L01,000011,0
1041,L01,000012,0
1103,L01,000013,0
1006,L01,000014,0
1085,L01,000015,0
1030,L01,000016,0
1061,L01,000017,0
1026,L01,000018,0
1012,L01,101001,0
2002,L01,101001,0
1012,L01,101003,0
2002,L01,101003,0
1062,L01,101004,0
1062,L01,101005,0
1062,L01,101006,0
1062,L01,101007,0
1062,L01,101008,0
1012,L01,101009,0
2002,L01,101009,0
1062,L01,101010,0
1062,L01,101011,0
1062,L01,101012,0
1062,L01,101013,0
1062,L01,101014,0
1012,L01,101015,0
2002,L01,101015,0
1062,L01,101016,0
1017,L01,102001,0
1017,L01,102003,0
1018,L01,102003,0
1009,L01,102004,0
1017,L01,102005,0
1017,L01,102006,0
1018,L01,102006,0
F01,L01,102006,0
1018,L01,102007,0
1017,L01,102007,0
1017,L01,102008,0
1019,L01,102009,0
1004,L01,102010,0
1086,L01,102010,0
1004,L01,102011,0
1004,L01,102012,0
1004,L01,102014,0
1086,L01,102014,0
1018,L01,102016,0
1017,L01,102018,0
1018,L01,102018,0
1017,L01,102019,0
1017,L01,102020,0
1017,L01,102023,0
1017,L01,102024,0
1017,L01,102025,0
1017,L01,102026,0
1018,L01,102026,0
1017,L01,102027,0
1018,L01,102028,0
1018,L01,102029,0
1017,L01,102029,0
1017,L01,102030,0
1018,L01,102030,0
1018,L01,102031,0
1017,L01,102032,0
1018,L01,102033,0
1017,L01,102033,0
1008,L01,102034,0
1009,L01,102035,0
1008,L01,102036,0
1017,L01,102037,0
1018,L01,102038,0
1017,L01,102039,0
1017,L01,102040,0
1018,L01,102041,0
1017,L01,102042,0
1017,L01,102043,0
1017,L01,102044,0
1017,L01,102045,0
1017,L01,102046,0
1017,L01,102047,0
1014,L01,103001,0
1014,L01,103002,0
1028,L01,103003,0
1014,L01,103004,0
1014,L01,103005,0
1014,L01,103006,0
1013,L01,103007,0
1014,L01,103008,0
1008,L01,103009,0
1014,L01,103010,0
1014,L01,103011,0
1014,L01,103012,0
1014,L01,103013,0
1014,L01,103014,0
1014,L01,103015,0
1014,L01,103016,0
1014,L01,103017,0
1014,L01,103019,0
1014,L01,103020,0
1014,L01,103022,0
1014,L01,103023,0
1014,L01,103024,0
1014,L01,103025,0
1013,L01,103026,0
1014,L01,103027,0
1014,L01,103028,0
1014,L01,103029,0
1014,L01,103030,0
1014,L01,103031,0
1014,L01,103032,0
1014,L01,103033,0
1014,L01,103034,0
1014,L01,103035,0
1063,L01,103036,0
0000,L01,103038,0
1014,L01,103038,0
1014,L01,103039,0
0000,L01,103045,0
1014,L01,103052,0
1014,L01,103053,0
1069,L01,103054,0
1014,L01,103055,0
1014,L01,103056,0
1014,L01,103057,0
1014,L01,103058,0
1014,L01,103059,0
1014,L01,103060,0
1014,L01,103061,0
1013,L01,103061,0
1082,L01,103062,0
1014,L01,103063,0
1063,L01,103064,0
1069,L01,103065,0
1014,L01,103066,0
1014,L01,103067,0
1008,L01,103067,0
1014,L01,103068,0
1008,L01,103068,0
1008,L01,103069,0
1014,L01,103070,0
1014,L01,103071,0
2003,L01,103072,0
1013,L01,103072,0
1016,L01,104001,0
1108,L01,104002,0
1015,L01,104003,0
1012,L01,104004,0
2002,L01,104004,0
1016,L01,104005,0
1012,L01,104006,0
2002,L01,104006,0
1012,L01,104007,0
1014,L01,104007,0
1012,L01,104008,0
2002,L01,104008,0
1012,L01,104009,0
2002,L01,104009,0
1015,L01,104012,0
1015,L01,104013,0
2002,L01,104014,0
1012,L01,104014,0
1108,L01,104015,0
1008,L01,104015,0
1016,L01,104016,0
1015,L01,104017,0
1015,L01,104018,0
1015,L01,104019,0
1103,L01,104020,0
1103,L01,104021,0
1103,L01,104022,0
1103,L01,104023,0
1103,L01,104024,0
1103,L01,104025,0
1026,L01,105001,0
1026,L01,105002,0
1026,L01,105003,0
1026,L01,105004,0
1026,L01,105005,0
1026,L01,105006,0
1026,L01,105007,0
1026,L01,105008,0
1026,L01,105009,0
1026,L01,105010,0
1108,L01,105011,0
1026,L01,105012,0
1026,L01,105013,0
1108,L01,105014,0
1026,L01,105015,0
1026,L01,105016,0
1026,L01,105017,0
1026,L01,105018,0
1026,L01,105019,0
1026,L01,105020,0
1027,L01,105021,0
1026,L01,105022,0
1026,L01,105023,0
1026,L01,105024,0
1026,L01,105025,0
1026,L01,105027,0
1026,L01,105028,0
1027,L01,105030,0
1026,L01,105031,0
1026,L01,105033,0
1026,L01,105034,0
1026,L01,105035,0
1026,L01,105036,0
1026,L01,105037,0
1026,L01,105038,0
1026,L01,105039,0
1026,L01,105040,0
1026,L01,105041,0
1026,L01,105042,0
1026,L01,105043,0
1026,L01,105044,0
1026,L01,105052,0
1026,L01,105053,0
1026,L01,105054,0
1026,L01,105055,0
1026,L01,105056,0
1026,L01,105057,0
1026,L01,105058,0
1026,L01,105059,0
1026,L01,105060,0
1026,L01,105061,0
1026,L01,105062,0
1026,L01,105063,0
1026,L01,105159,0
1026,L01,105160,0
1026,L01,105161,0
1026,L01,105162,0
1026,L01,105163,0
1026,L01,105164,0
1026,L01,105165,0
1026,L01,105166,0
1026,L01,105167,0
1026,L01,105168,0
1026,L01,105169,0
1026,L01,105170,0
1026,L01,105171,0
1026,L01,105172,0
1026,L01,105173,0
1026,L01,105174,0
1004,L01,106001,0
1004,L01,106002,0
1004,L01,106004,0
1004,L01,106005,0
1007,L01,106005,0
1004,L01,106006,0
1004,L01,106007,0
1004,L01,106008,0
1004,L01,106009,0
1086,L01,106009,0
1004,L01,106010,0
1086,L01,106010,0
1005,L01,106011,0
1004,L01,106012,0
1004,L01,106013,0
1004,L01,106014,0
1004,L01,106015,0
1086,L01,106015,0
1004,L01,106016,0
1004,L01,106017,0
1007,L01,106017,0
1004,L01,106018,0
1007,L01,106018,0
1007,L01,106019,0
1083,L01,106019,0
0000,L01,106020,0
0000,L01,106021,0
0000,L01,106022,0
1083,L01,106023,0
1017,L01,106024,0
1083,L01,106025,0
1004,L01,106026,0
1010,L01,107002,0
1008,L01,107003,0
1008,L01,107004,0
1008,L01,107005,0
1008,L01,107006,0
0000,L01,107008,0
1014,L01,107009,0
1068,L01,107010,0
1019,L01,107011,0
1019,L01,107012,0
1008,L01,107013,0
1068,L01,107014,0
1048,L01,107015,0
1048,L01,107016,0
1008,L01,107017,0
1008,L01,107018,0
1008,L01,107019,0
1008,L01,107020,0
1008,L01,107021,0
1008,L01,107022,0
1008,L01,107023,0
1008,L01,107024,0
1008,L01,107025,0
1008,L01,107026,0
1008,L01,107027,0
1008,L01,107028,0
1090,L01,107029,0
1090,L01,107030,0
F01,L01,107030,0
1090,L01,107031,0
1006,L01,108001,0
1006,L01,108002,0
1006,L01,108003,0
1006,L01,108004,0
1006,L01,108005,0
1006,L01,108006,0
1006,L01,108007,0
1006,L01,108008,0
1006,L01,108009,0
1006,L01,108010,0
1006,L01,108011,0
1006,L01,108012,0
1006,L01,108013,0
1006,L01,108020,0
1006,L01,108021,0
1110,L01,109001,0
1110,L01,109002,0
1110,L01,109003,0
1110,L01,109004,0
1110,L01,109005,0
1110,L01,109006,0
1110,L01,109007,0
1110,L01,109008,0
1110,L01,109009,0
1110,L01,109010,0
1066,L01,109011,0
1110,L01,109011,0
1110,L01,109012,0
1110,L01,109014,0
1110,L01,109015,0
1110,L01,109016,0
1110,L01,109017,0
1110,L01,109018,0
1110,L01,109019,0
1110,L01,109020,0
1110,L01,109021,0
1110,L01,109022,0
1110,L01,109023,0
1110,L01,109028,0
1110,L01,109029,0
1110,L01,109030,0
1110,L01,109031,0
1110,L01,109032,0
1110,L01,109033,0
1110,L01,109035,0
1110,L01,109036,0
1110,L01,109037,0
1110,L01,109038,0
1110,L01,109039,0
1110,L01,109040,0
1110,L01,109041,0
1110,L01,109042,0
1110,L01,109043,0
1110,L01,109044,0
1110,L01,109045,0
1110,L01,109046,0
1110,L01,109047,0
1110,L01,109048,0
1110,L01,109049,0
1110,L01,109050,0
1110,L01,109051,0
1110,L01,109052,0
1110,L01,109053,0
1110,L01,109054,0
1110,L01,109055,0
1110,L01,109056,0
1110,L01,109057,0
1110,L01,109058,0
1110,L01,109059,0
1097,L01,109060,0
1019,L01,110002,0
1019,L01,110004,0
1019,L01,110005,0
1020,L01,110006,0
1019,L01,110009,0
0000,L01,110010,0
1019,L01,110011,0
1020,L01,110012,0
1019,L01,110013,0
1019,L01,110014,0
1019,L01,110016,0
1019,L01,110017,0
1017,L01,110020,0
1082,L01,110021,0
1020,L01,110024,0
1017,L01,110025,0
1020,L01,110026,0
1020,L01,110027,0
1020,L01,110028,0
1020,L01,110029,0
1020,L01,110030,0
1017,L01,110031,0
1065,L01,110036,0
1065,L01,110037,0
1065,L01,110038,0
1065,L01,110039,0
1065,L01,110040,0
1017,L01,110041,0
1020,L01,110042,0
1019,L01,110043,0
1074,L01,110044,0
1074,L01,110045,0
1074,L01,110046,0
1074,L01,110047,0
1074,L01,110048,0
1074,L01,110049,0
1020,L01,110050,0
1082,L01,110051,0
1082,L01,110052,0
1082,L01,110053,0
1082,L01,110054,0
1082,L01,110055,0
1082,L01,110056,0
1082,L01,110057,0
1013,L01,110058,0
1020,L01,110059,0
1082,L01,110059,0
1082,L01,110060,0
1020,L01,110061,0
1020,L01,110062,0
1020,L01,110063,0
1017,L01,110063,0
1020,L01,110064,0
1082,L01,110065,0
1082,L01,110066,0
1082,L01,110067,0
1082,L01,110068,0
1013,L01,110069,0
1109,L01,110070,0
1109,L01,110071,0
1109,L01,110072,0
1097,L01,110073,0
1017,L01,110074,0
1017,L01,110075,0
F01,L01,111001,0
F01,L01,111002,0
F01,L01,111003,0
1026,L01,111004,0
F01,L01,111005,0
F01,L01,111006,0
F01,L01,111007,0
F01,L01,111008,0
F01,L01,111009,0
F01,L01,111010,0
F01,L01,111011,0
F01,L01,111012,0
F01,L01,111013,0
F01,L01,111014,0
F01,L01,111015,0
F01,L01,111016,0
F01,L01,111017,0
F01,L01,111018,0
F01,L01,111019,0
F01,L01,111020,0
F01,L01,111021,0
F01,L01,111022,0
F01,L01,111023,0
F01,L01,111024,0
F01,L01,111025,0
F01,L01,111026,0
F01,L01,111027,0
F01,L01,111028,0
F01,L01,111029,0
F01,L01,111030,0
F01,L01,111031,0
F01,L01,111032,0
F01,L01,111033,0
F01,L01,111034,0
F01,L01,111035,0
F01,L01,111036,0
F01,L01,111037,0
F01,L01,111038,0
F01,L01,111039,0
F01,L01,111040,0
F01,L01,111041,0
F01,L01,111042,0
F01,L01,111043,0
F01,L01,111044,0
F01,L01,111045,0
F01,L01,111046,0
F01,L01,111047,0
F01,L01,111048,0
F01,L01,111049,0
F01,L01,111050,0
F01,L01,111051,0
F01,L01,111052,0
F01,L01,111053,0
F01,L01,111054,0
F01,L01,111055,0
F01,L01,111056,0
F01,L01,111057,0
F01,L01,111058,0
F01,L01,111059,0
F01,L01,111060,0
F01,L01,111061,0
F01,L01,111062,0
F01,L01,111063,0
F01,L01,111064,0
F01,L01,111065,0
F01,L01,111066,0
F01,L01,111067,0
F01,L01,111068,0
F01,L01,111069,0
F01,L01,111070,0
F01,L01,111071,0
F01,L01,111072,0
F01,L01,111073,0
F01,L01,111074,0
F01,L01,111075,0
F01,L01,111076,0
F01,L01,111077,0
F01,L01,111078,0
F01,L01,111079,0
F01,L01,111080,0
F01,L01,111081,0
F01,L01,111082,0
F01,L01,111083,0
F01,L01,111084,0
F01,L01,111085,0
F01,L01,111086,0
F01,L01,111087,0
F01,L01,111088,0
F01,L01,111089,0
F01,L01,111090,0
F01,L01,111091,0
F01,L01,111092,0
F01,L01,111093,0
F01,L01,111094,0
F01,L01,111095,0
F01,L01,111096,0
F01,L01,111097,0
F01,L01,111099,0
F01,L01,111100,0
F01,L01,111101,0
F01,L01,111102,0
F01,L01,111103,0
F01,L01,111104,0
F01,L01,111105,0
F01,L01,111106,0
F01,L01,111107,0
F01,L01,111108,0
F01,L01,111109,0
F01,L01,111110,0
F01,L01,111111,0
F01,L01,111112,0
F01,L01,111113,0
F01,L01,111114,0
F01,L01,111115,0
F01,L01,111116,0
F01,L01,111117,0
F01,L01,111118,0
F01,L01,111119,0
F01,L01,111120,0
F01,L01,111121,0
F01,L01,111122,0
F01,L01,111123,0
F01,L01,111124,0
F01,L01,111125,0
F01,L01,111126,0
F01,L01,111127,0
F01,L01,111128,0
F01,L01,111129,0
F01,L01,111130,0
F01,L01,111131,0
F01,L01,111132,0
F01,L01,111133,0
F01,L01,111134,0
F01,L01,111135,0
F01,L01,111136,0
F01,L01,111137,0
F01,L01,111138,0
F01,L01,111139,0
F01,L01,111140,0
F01,L01,111141,0
F01,L01,111142,0
F01,L01,111143,0
F01,L01,111144,0
F01,L01,111145,0
F01,L01,111146,0
F01,L01,111147,0
F01,L01,111148,0
F01,L01,111149,0
F01,L01,111150,0
F01,L01,111151,0
F01,L01,111152,0
F01,L01,111153,0
F01,L01,111154,0
F01,L01,111155,0
F01,L01,111156,0
F01,L01,111157,0
F01,L01,111158,0
F01,L01,111159,0
F01,L01,111160,0
F01,L01,111161,0
F01,L01,111162,0
F01,L01,111163,0
F01,L01,111164,0
F01,L01,111165,0
F01,L01,111166,0
F01,L01,111167,0
F01,L01,111168,0
F01,L01,111169,0
F01,L01,111170,0
F01,L01,111171,0
F01,L01,111172,0
F01,L01,111173,0
F01,L01,111174,0
F01,L01,111175,0
F01,L01,111176,0
F01,L01,111177,0
F01,L01,111178,0
F01,L01,111179,0
F01,L01,111180,0
1108,L01,111181,0
F01,L01,111182,0
F01,L01,111183,0
F01,L01,111184,0
F01,L01,111185,0
F01,L01,111186,0
F01,L01,111187,0
F01,L01,111188,0
F01,L01,111189,0
F01,L01,111190,0
F01,L01,111191,0
F01,L01,111192,0
F01,L01,111193,0
F01,L01,111194,0
F01,L01,111195,0
F01,L01,111196,0
F01,L01,111197,0
F01,L01,111198,0
0000,L01,111199,0
F01,L01,111199,0
0000,L01,111202,0
F01,L01,111202,0
0000,L01,111203,0
F01,L01,111203,0
0000,L01,111204,0
F01,L01,111204,0
0000,L01,111205,0
F01,L01,111205,0
0000,L01,111206,0
F01,L01,111206,0
0000,L01,111207,0
F01,L01,111207,0
0000,L01,111208,0
F01,L01,111208,0
F01,L01,111209,0
0000,L01,111210,0
F01,L01,111210,0
F01,L01,111211,0
0000,L01,111211,0
F01,L01,111212,0
F01,L01,111213,0
1108,L01,111214,0
F01,L01,111215,0
1108,L01,111217,0
F01,L01,111218,0
F01,L01,111219,0
F01,L01,111220,0
F01,L01,111221,0
F01,L01,111222,0
F01,L01,111223,0
F01,L01,111224,0
F01,L01,111225,0
F01,L01,111226,0
F01,L01,111227,0
F01,L01,111228,0
F01,L01,111229,0
F01,L01,111230,0
F01,L01,111231,0
F01,L01,111232,0
F01,L01,111233,0
F01,L01,111234,0
F01,L01,111235,0
F01,L01,111236,0
F01,L01,111237,0
F01,L01,111238,0
F01,L01,111239,0
F01,L01,111240,0
F01,L01,111241,0
F01,L01,111242,0
F01,L01,111243,0
F01,L01,111244,0
F01,L01,111245,0
F01,L01,111246,0
F01,L01,111247,0
F01,L01,111248,0
F01,L01,111249,0
F01,L01,111250,0
F01,L01,111251,0
F01,L01,111252,0
F01,L01,111253,0
F01,L01,111254,0
F01,L01,111255,0
F01,L01,111256,0
F01,L01,111257,0
F01,L01,111258,0
F01,L01,111259,0
F01,L01,111260,0
F01,L01,111261,0
F01,L01,111262,0
F01,L01,111263,0
F01,L01,111264,0
F01,L01,111265,0
F01,L01,111266,0
F01,L01,111267,0
F01,L01,111268,0
F01,L01,111269,0
F01,L01,111270,0
F01,L01,111271,0
F01,L01,111272,0
F01,L01,111273,0
F01,L01,111274,0
F01,L01,111275,0
F01,L01,111276,0
F01,L01,111277,0
F01,L01,111278,0
F01,L01,111279,0
F01,L01,111280,0
F01,L01,111281,0
F01,L01,111282,0
F01,L01,111283,0
F01,L01,111284,0
F01,L01,111285,0
F01,L01,111286,0
F01,L01,111287,0
F01,L01,111288,0
F01,L01,111289,0
F01,L01,111290,0
F01,L01,111291,0
F01,L01,111292,0
F01,L01,111299,0
F01,L01,111300,0
F01,L01,111301,0
F01,L01,111302,0
F01,L01,111305,0
F01,L01,111306,0
F01,L01,111307,0
F01,L01,111308,0
F01,L01,111309,0
F01,L01,111310,0
F01,L01,111311,0
F01,L01,111312,0
F01,L01,111313,0
F01,L01,111314,0
F01,L01,111315,0
F01,L01,111316,0
F01,L01,111317,0
F01,L01,111318,0
F01,L01,111319,0
F01,L01,111320,0
F01,L01,111321,0
F01,L01,111322,0
F01,L01,111323,0
F01,L01,111324,0
F01,L01,111325,0
F01,L01,111326,0
F01,L01,111327,0
F01,L01,111328,0
F01,L01,111329,0
F01,L01,111330,0
F01,L01,111331,0
F01,L01,111332,0
F01,L01,111333,0
F01,L01,111334,0
1013,L01,201001,0
2003,L01,201001,0
1013,L01,201002,0
2003,L01,201002,0
1013,L01,201003,0
2003,L01,201003,0
1013,L01,201005,0
2003,L01,201005,0
1013,L01,201006,0
2003,L01,201006,0
1013,L01,201007,0
2003,L01,201007,0
1013,L01,201009,0
2003,L01,201009,0
1013,L01,201010,0
2003,L01,201010,0
1013,L01,201011,0
2003,L01,201011,0
1013,L01,201012,0
2003,L01,201012,0
1013,L01,201013,0
2003,L01,201013,0
1013,L01,201014,0
2003,L01,201014,0
1013,L01,201015,0
2003,L01,201015,0
1014,L01,201016,0
1013,L01,201017,0
2003,L01,201017,0
1014,L01,201018,0
1013,L01,201019,0
2003,L01,201019,0
1013,L01,201020,0
2003,L01,201020,0
1013,L01,201021,0
2003,L01,201021,0
2003,L01,201022,0
1013,L01,201022,0
2003,L01,201023,0
1013,L01,201023,0
1013,L01,201024,0
2003,L01,201024,0
1019,L01,201025,0
2003,L01,201026,0
1013,L01,201026,0
1013,L01,201027,0
2003,L01,201027,0
2003,L01,201028,0
1013,L01,201028,0
1013,L01,201029,0
2003,L01,201029,0
1013,L01,201030,0
2003,L01,201030,0
1013,L01,201032,0
2003,L01,201032,0
1013,L01,201033,0
2003,L01,201033,0
1013,L01,201034,0
2003,L01,201034,0
1013,L01,201035,0
2003,L01,201035,0
1013,L01,201036,0
2003,L01,201036,0
1013,L01,201037,0
2003,L01,201037,0
1013,L01,201038,0
2003,L01,201038,0
1013,L01,201040,0
2003,L01,201040,0
1013,L01,201041,0
2003,L01,201041,0
1013,L01,201042,0
2003,L01,201042,0
1013,L01,201043,0
2003,L01,201043,0
1013,L01,201044,0
2003,L01,201044,0
1013,L01,201045,0
2003,L01,201045,0
1013,L01,201046,0
2003,L01,201046,0
1013,L01,201047,0
2003,L01,201047,0
1013,L01,201048,0
2003,L01,201048,0
1013,L01,201049,0
2003,L01,201049,0
1013,L01,201050,0
2003,L01,201050,0
1013,L01,201051,0
2003,L01,201051,0
2003,L01,201052,0
1013,L01,201052,0
2003,L01,201053,0
1013,L01,201053,0
1013,L01,201054,0
1013,L01,201055,0
2003,L01,201055,0
1013,L01,201056,0
2003,L01,201056,0
1014,L01,201057,0
1013,L01,201058,0
2003,L01,201058,0
1013,L01,201059,0
2003,L01,201059,0
1013,L01,201062,0
2003,L01,201062,0
1013,L01,201064,0
2003,L01,201064,0
1013,L01,201068,0
2003,L01,201068,0
1013,L01,201071,0
1013,L01,201072,0
1013,L01,201075,0
2003,L01,201075,0
1013,L01,201076,0
2003,L01,201076,0
2003,L01,201079,0
1013,L01,201079,0
1013,L01,201080,0
2003,L01,201080,0
1013,L01,201081,0
2003,L01,201081,0
1013,L01,201082,0
2003,L01,201082,0
1013,L01,201083,0
2003,L01,201083,0
1013,L01,201084,0
2003,L01,201084,0
1013,L01,201087,0
2003,L01,201087,0
1013,L01,201088,0
2003,L01,201088,0
1013,L01,201091,0
2003,L01,201091,0
1013,L01,201092,0
2003,L01,201092,0
1013,L01,201094,0
2003,L01,201094,0
1013,L01,201095,0
2003,L01,201095,0
1013,L01,201096,0
2003,L01,201096,0
1013,L01,201097,0
2003,L01,201097,0
1013,L01,201098,0
2003,L01,201098,0
1013,L01,201103,0
2003,L01,201103,0
1013,L01,201104,0
2003,L01,201104,0
1013,L01,201105,0
2003,L01,201105,0
1013,L01,201106,0
2003,L01,201106,0
1013,L01,201107,0
2003,L01,201107,0
1013,L01,201108,0
2003,L01,201108,0
1013,L01,201109,0
2003,L01,201109,0
1013,L01,201110,0
2003,L01,201110,0
1013,L01,201111,0
2003,L01,201111,0
1013,L01,201112,0
2003,L01,201112,0
1013,L01,201113,0
2003,L01,201113,0
1013,L01,201114,0
2003,L01,201114,0
1013,L01,201115,0
2003,L01,201115,0
1013,L01,201116,0
2003,L01,201116,0
1013,L01,201117,0
2003,L01,201117,0
1013,L01,201118,0
2003,L01,201118,0
1013,L01,201119,0
2003,L01,201119,0
1013,L01,201120,0
2003,L01,201120,0
1013,L01,201121,0
2003,L01,201121,0
0000,L01,201122,0
1013,L01,201122,0
2003,L01,201122,0
1013,L01,201123,0
2003,L01,201123,0
1013,L01,201127,0
2003,L01,201127,0
1013,L01,201129,0
2003,L01,201129,0
1013,L01,201130,0
2003,L01,201130,0
1013,L01,201131,0
1013,L01,201132,0
2003,L01,201132,0
1013,L01,201133,0
2003,L01,201133,0
1013,L01,201135,0
1013,L01,201136,0
1013,L01,201137,0
1013,L01,201138,0
1013,L01,201139,0
1013,L01,201141,0
1013,L01,201142,0
1019,L01,201143,0
1013,L01,201144,0
2003,L01,201144,0
1013,L01,201145,0
2003,L01,201145,0
1013,L01,201146,0
2003,L01,201146,0
1013,L01,201147,0
2003,L01,201147,0
1013,L01,201148,0
2003,L01,201148,0
1013,L01,201149,0
2003,L01,201149,0
1013,L01,201150,0
2003,L01,201150,0
1021,L01,201151,0
1021,L01,201152,0
1013,L01,201153,0
2003,L01,201153,0
1013,L01,201154,0
2003,L01,201154,0
1013,L01,201155,0
1013,L01,201156,0
1013,L01,201157,0
1013,L01,201158,0
2003,L01,201158,0
1013,L01,201159,0
2003,L01,201159,0
1013,L01,201160,0
2003,L01,201160,0
2003,L01,201161,0
1013,L01,201161,0
2003,L01,201162,0
1013,L01,201162,0
2003,L01,201163,0
1013,L01,201163,0
2003,L01,201164,0
1013,L01,201164,0
1013,L01,201165,0
2003,L01,201165,0
1013,L01,201166,0
2003,L01,201166,0
1013,L01,201167,0
2003,L01,201167,0
1013,L01,201168,0
2003,L01,201168,0
2003,L01,201169,0
1013,L01,201169,0
1013,L01,201170,0
2003,L01,201170,0
1013,L01,201171,0
2003,L01,201171,0
1013,L01,201172,0
2003,L01,201172,0
1013,L01,201173,0
2003,L01,201173,0
2003,L01,201174,0
1013,L01,201174,0
2003,L01,201175,0
1013,L01,201175,0
2003,L01,201176,0
1013,L01,201176,0
2003,L01,201177,0
1013,L01,201177,0
1013,L01,201178,0
2003,L01,201178,0
1020,L01,201179,0
2003,L01,201180,0
1013,L01,201180,0
2003,L01,201181,0
1013,L01,201181,0
2003,L01,201182,0
1013,L01,201182,0
1013,L01,201183,0
2003,L01,201183,0
2003,L01,201184,0
1013,L01,201184,0
1013,L01,201185,0
2003,L01,201185,0
1013,L01,201186,0
2003,L01,201186,0
2003,L01,201187,0
1013,L01,201187,0
2003,L01,201188,0
1013,L01,201188,0
2003,L01,201189,0
1013,L01,201189,0
1013,L01,201190,0
2003,L01,201190,0
1013,L01,201191,0
2003,L01,201191,0
2003,L01,201192,0
1013,L01,201192,0
1013,L01,201193,0
1013,L01,201194,0
1013,L01,201195,0
1013,L01,201196,0
1013,L01,201197,0
1013,L01,201198,0
1013,L01,201199,0
1013,L01,201200,0
1013,L01,201201,0
1013,L01,201202,0
1013,L01,201203,0
1013,L01,201204,0
1013,L01,201205,0
1013,L01,201206,0
1013,L01,201207,0
1013,L01,201208,0
1013,L01,201209,0
1013,L01,201210,0
1013,L01,201211,0
1097,L01,201212,0
1013,L01,201213,0
1013,L01,201214,0
1013,L01,201215,0
1097,L01,201216,0
1013,L01,201217,0
1013,L01,201218,0
1013,L01,201219,0
1013,L01,201220,0
1017,L01,201221,0
F01,L01,201221,0
1013,L01,201222,0
1013,L01,201223,0
1013,L01,201224,0
1013,L01,201225,0
1010,L01,202001,0
1108,L01,202002,0
1108,L01,202003,0
1108,L01,202004,0
F01,L01,202005,0
1108,L01,202005,0
1108,L01,202006,0
1108,L01,202007,0
1108,L01,202008,0
1108,L01,202009,0
1108,L01,202010,0
1108,L01,202011,0
1108,L01,202012,0
F01,L01,202013,0
1108,L01,202013,0
1108,L01,202014,0
1108,L01,202015,0
1108,L01,202016,0
1108,L01,202017,0
1108,L01,202018,0
1008,L01,202019,0
1108,L01,202020,0
1010,L01,202021,0
1011,L01,202021,0
1108,L01,202023,0
1108,L01,202024,0
1108,L01,202025,0
1108,L01,202026,0
1108,L01,202027,0
1108,L01,202028,0
1108,L01,202029,0
1108,L01,202030,0
1108,L01,202031,0
1108,L01,202032,0
1108,L01,202033,0
1108,L01,202034,0
1108,L01,202035,0
1108,L01,202036,0
1043,L01,202036,0
1108,L01,202037,0
1108,L01,202038,0
1108,L01,202039,0
1108,L01,202040,0
1108,L01,202041,0
1108,L01,202042,0
1108,L01,202043,0
1108,L01,202044,0
1108,L01,202045,0
F01,L01,202046,0
1108,L01,202046,0
1108,L01,202047,0
F01,L01,202048,0
1108,L01,202048,0
1108,L01,202049,0
1108,L01,202050,0
1108,L01,202051,0
1108,L01,202052,0
1108,L01,202053,0
1108,L01,202054,0
1108,L01,202055,0
1108,L01,202056,0
1108,L01,202057,0
1043,L01,202058,0
1108,L01,202058,0
1108,L01,202059,0
1108,L01,202060,0
1108,L01,202061,0
1108,L01,202062,0
1108,L01,202063,0
1108,L01,202064,0
1108,L01,202065,0
1108,L01,202066,0
1108,L01,202067,0
1108,L01,202068,0
1108,L01,202069,0
1108,L01,202070,0
1108,L01,202071,0
1108,L01,202072,0
1108,L01,202073,0
1108,L01,202074,0
1108,L01,202075,0
1108,L01,202076,0
1108,L01,202077,0
1108,L01,202078,0
1108,L01,202079,0
1108,L01,202080,0
1108,L01,202081,0
1108,L01,202082,0
1108,L01,202083,0
1108,L01,202084,0
1108,L01,202085,0
1108,L01,202086,0
1108,L01,202087,0
1108,L01,202088,0
1108,L01,202089,0
1108,L01,202090,0
1108,L01,202091,0
F01,L01,202092,0
1108,L01,202092,0
1108,L01,202093,0
1108,L01,202094,0
1108,L01,202097,0
1108,L01,202098,0
1108,L01,202099,0
1108,L01,202100,0
1108,L01,202101,0
1108,L01,202102,0
1108,L01,202103,0
0000,L01,202105,0
1108,L01,202106,0
1108,L01,202107,0
1108,L01,202108,0
1108,L01,202109,0
1108,L01,202110,0
1108,L01,202111,0
1108,L01,202112,0
1108,L01,202113,0
1108,L01,202114,0
1108,L01,202115,0
1108,L01,202116,0
1108,L01,202117,0
1108,L01,202118,0
1108,L01,202119,0
1108,L01,202120,0
1108,L01,202121,0
1108,L01,202122,0
1108,L01,202124,0
1108,L01,202125,0
1108,L01,202126,0
1108,L01,202131,0
1108,L01,202132,0
1108,L01,202133,0
1108,L01,202134,0
1108,L01,202135,0
1108,L01,202136,0
1108,L01,202137,0
1108,L01,202139,0
1108,L01,202140,0
1108,L01,202141,0
1108,L01,202142,0
1108,L01,202143,0
1108,L01,202144,0
1108,L01,202145,0
1108,L01,202146,0
1108,L01,202147,0
1075,L01,202148,0
1108,L01,202149,0
1108,L01,202150,0
1108,L01,202151,0
1108,L01,202152,0
1108,L01,202153,0
1108,L01,202154,0
1084,L01,202155,0
1108,L01,202157,0
1108,L01,202158,0
1108,L01,202159,0
1108,L01,202160,0
1108,L01,202161,0
1108,L01,202162,0
1108,L01,202163,0
F01,L01,202163,0
1098,L01,202164,0
1097,L01,202165,0
1060,L01,202165,0
1108,L01,202165,0
1108,L01,202166,0
F01,L01,202166,0
F01,L01,202167,0
1108,L01,202167,0
1108,L01,202168,0
1108,L01,202169,0
1102,L01,202170,0
1108,L01,202171,0
1108,L01,202172,0
1060,L01,202172,0
1097,L01,202172,0
1060,L01,202173,0
1097,L01,202173,0
1108,L01,202173,0
F01,L01,202174,0
1108,L01,202174,0
1102,L01,202175,0
F01,L01,202176,0
1108,L01,202176,0
1108,L01,202177,0
1028,L01,203001,0
1028,L01,203002,0
1028,L01,203003,0
1028,L01,203004,0
1028,L01,203005,0
1028,L01,203006,0
1028,L01,203007,0
1028,L01,203008,0
1028,L01,203009,0
1028,L01,203010,0
1028,L01,203012,0
1028,L01,203013,0
1028,L01,203014,0
1028,L01,203015,0
1028,L01,203016,0
1028,L01,203017,0
1028,L01,203018,0
1028,L01,203019,0
1028,L01,203020,0
1028,L01,203021,0
1028,L01,203022,0
1028,L01,203023,0
1013,L01,204001,0
2003,L01,204001,0
1013,L01,204002,0
2003,L01,204002,0
1013,L01,204003,0
1013,L01,204004,0
2003,L01,204004,0
1013,L01,204006,0
2003,L01,204006,0
1013,L01,204007,0
1013,L01,204008,0
1013,L01,204009,0
1013,L01,204010,0
1013,L01,204011,0
1013,L01,204012,0
1013,L01,204013,0
2003,L01,204013,0
0000,L01,204015,0
1013,L01,204018,0
2003,L01,204018,0
1020,L01,204019,0
1010,L01,204020,0
1008,L01,204020,0
1008,L01,204021,0
1008,L01,204022,0
1010,L01,204023,0
1008,L01,204023,0
1019,L01,204024,0
1019,L01,204025,0
1019,L01,204026,0
1019,L01,204027,0
1019,L01,204028,0
1019,L01,204029,0
1019,L01,204030,0
1060,L01,204031,0
1060,L01,204032,0
1060,L01,204033,0
1060,L01,204034,0
1017,L01,204035,0
1017,L01,204036,0
1017,L01,204037,0
1017,L01,204038,0
1014,L01,204039,0
1014,L01,204040,0
1014,L01,204041,0
1014,L01,204042,0
1014,L01,204043,0
1014,L01,204044,0
1017,L01,204045,0
1018,L01,204045,0
1018,L01,204046,0
1017,L01,204046,0
1018,L01,204047,0
1019,L01,204050,0
1019,L01,204051,0
1008,L01,204052,0
1008,L01,204053,0
1008,L01,204054,0
1060,L01,204055,0
1060,L01,204056,0
1008,L01,204057,0
1060,L01,204058,0
1008,L01,204059,0
1018,L01,204060,0
1017,L01,204060,0
1019,L01,204061,0
1019,L01,204062,0
1019,L01,204063,0
1019,L01,204064,0
1060,L01,204065,0
1017,L01,204066,0
1017,L01,204067,0
1026,L01,204068,0
1026,L01,204069,0
1026,L01,204070,0
1026,L01,204071,0
1026,L01,204072,0
1020,L01,204073,0
1017,L01,204074,0
1019,L01,204075,0
1108,L01,204076,0
1108,L01,204077,0
1108,L01,204078,0
1088,L01,204079,0
1018,L01,204080,0
1093,L01,204081,0
1093,L01,204082,0
1097,L01,204083,0
1017,L01,204085,0
1060,L01,204086,0
1019,L01,204087,0
1019,L01,204088,0
1019,L01,204089,0
1019,L01,204090,0
1107,L01,204091,0
1107,L01,204092,0
1107,L01,204093,0
1013,L01,205001,0
1022,L01,205002,0
1022,L01,205003,0
1019,L01,205004,0
1019,L01,205005,0
1019,L01,205006,0
1022,L01,205007,0
1021,L01,205008,0
1021,L01,205009,0
1022,L01,205010,0
1022,L01,205011,0
1022,L01,205012,0
1022,L01,205013,0
1022,L01,205014,0
F01,L01,205015,0
1108,L01,205015,0
1022,L01,205016,0
1023,L01,205017,0
1024,L01,205017,0
1023,L01,205018,0
2004,L01,205018,0
2004,L01,205019,0
1023,L01,205019,0
1022,L01,205020,0
1022,L01,205023,0
1024,L01,205024,0
1023,L01,205025,0
2004,L01,205025,0
1022,L01,205026,0
1022,L01,205027,0
1022,L01,205028,0
1022,L01,205029,0
1022,L01,205030,0
2004,L01,205031,0
1022,L01,205031,0
1022,L01,205032,0
1022,L01,205034,0
1013,L01,205035,0
2003,L01,205035,0
1022,L01,205037,0
1094,L01,205038,0
1022,L01,205038,0
1013,L01,205038,0
1019,L01,205039,0
1022,L01,205040,0
2004,L01,205042,0
1023,L01,205042,0
1013,L01,205043,0
2003,L01,205043,0
1022,L01,205044,0
1019,L01,205045,0
1019,L01,205046,0
1022,L01,205048,0
1023,L01,205049,0
2004,L01,205049,0
1019,L01,205050,0
1024,L01,205052,0
1023,L01,205052,0
1024,L01,205053,0
1023,L01,205054,0
1024,L01,205055,0
1024,L01,205056,0
1024,L01,205057,0
1024,L01,205058,0
1024,L01,205059,0
1023,L01,205059,0
1023,L01,205060,0
1024,L01,205061,0
1023,L01,205062,0
1024,L01,205062,0
1019,L01,205063,0
1023,L01,205064,0
1024,L01,205064,0
1023,L01,205065,0
1024,L01,205065,0
1023,L01,205066,0
1024,L01,205066,0
1023,L01,205067,0
1024,L01,205067,0
1023,L01,205068,0
1024,L01,205068,0
1023,L01,205069,0
1024,L01,205069,0
1023,L01,205071,0
1024,L01,205071,0
1023,L01,205072,0
1023,L01,205073,0
1024,L01,205073,0
1023,L01,205074,0
1024,L01,205074,0
1023,L01,205075,0
1024,L01,205075,0
1024,L01,205076,0
1023,L01,205076,0
1022,L01,205080,0
1024,L01,205084,0
1013,L01,205096,0
2003,L01,205096,0
1021,L01,205097,0
1021,L01,205098,0
1021,L01,205099,0
1021,L01,205100,0
1021,L01,205101,0
1021,L01,205102,0
1021,L01,205103,0
1020,L01,205104,0
1019,L01,205105,0
1019,L01,205106,0
1022,L01,205107,0
1022,L01,205108,0
1013,L01,205109,0
2003,L01,205109,0
1097,L01,205109,0
1022,L01,205110,0
1008,L01,205111,0
1022,L01,205112,0
1022,L01,205113,0
1022,L01,205114,0
1021,L01,205115,0
1021,L01,205116,0
1021,L01,205117,0
1021,L01,205118,0
1008,L01,205119,0
1022,L01,205120,0
1022,L01,205121,0
1021,L01,205122,0
1021,L01,205123,0
1071,L01,205124,0
1071,L01,205125,0
1021,L01,205126,0
1021,L01,205127,0
1021,L01,205128,0
1021,L01,205129,0
1022,L01,205130,0
1022,L01,205131,0
1097,L01,205132,0
1021,L01,205133,0
1021,L01,205134,0
1022,L01,205135,0
1082,L01,205137,0
1022,L01,205138,0
1022,L01,205139,0
1022,L01,205140,0
1022,L01,205141,0
1022,L01,205142,0
1022,L01,205143,0
1022,L01,205144,0
1021,L01,205145,0
1107,L01,205146,0
1021,L01,205147,0
1021,L01,205148,0
1021,L01,205149,0
1021,L01,205150,0
1021,L01,205151,0
1019,L01,205152,0
1019,L01,205153,0
1019,L01,205154,0
1097,L01,205155,0
1107,L01,205155,0
1021,L01,205156,0
1013,L01,205157,0
1008,L01,205158,0
1008,L01,205159,0
1008,L01,205160,0
1025,L01,206001,0
0000,L01,206002,0
1025,L01,206003,0
1025,L01,206004,0
1025,L01,206005,0
1013,L01,206006,0
2003,L01,206006,0
0000,L01,206010,0
1025,L01,206011,0
0000,L01,206015,0
1025,L01,206016,0
1025,L01,206020,0
1025,L01,206021,0
1025,L01,206022,0
0000,L01,206024,0
0000,L01,206025,0
1025,L01,206025,0
0000,L01,206026,0
0000,L01,206027,0
0000,L01,206028,0
0000,L01,206029,0
1025,L01,206029,0
1013,L01,206030,0
2003,L01,206030,0
1025,L01,206031,0
2003,L01,206032,0
1013,L01,206032,0
2003,L01,206035,0
1013,L01,206035,0
0000,L01,206037,0
0000,L01,206038,0
1013,L01,206038,0
0000,L01,206039,0
0000,L01,206040,0
0000,L01,206041,0
1025,L01,206042,0
1013,L01,206043,0
2003,L01,206043,0
1025,L01,206044,0
1013,L01,206045,0
1013,L01,206046,0
1100,L01,206047,0
1025,L01,206048,0
1013,L01,206049,0
1043,L01,206050,0
1043,L01,206051,0
1043,L01,206052,0
1059,L01,301001,0
1059,L01,301002,0
1059,L01,302001,0
1059,L01,302002,0
1044,L01,302003,0
1043,L01,302004,0
1035,L01,401001,0
1037,L01,401002,0
1037,L01,401003,0
1036,L01,401004,0
1044,L01,401005,0
1038,L01,401006,0
1038,L01,401007,0
1038,L01,401008,0
1038,L01,401009,0
1038,L01,401010,0
1038,L01,401011,0
1038,L01,401012,0
1038,L01,401013,0
1038,L01,401014,0
1038,L01,401015,0
1038,L01,401016,0
1038,L01,401017,0
1038,L01,401018,0
1038,L01,401019,0
1038,L01,401020,0
1038,L01,401021,0
1038,L01,401022,0
1038,L01,401023,0
1038,L01,401024,0
1038,L01,401025,0
1038,L01,401026,0
1038,L01,401027,0
1038,L01,401028,0
1038,L01,401029,0
1038,L01,401030,0
1038,L01,401031,0
1038,L01,401032,0
1038,L01,401033,0
1038,L01,401034,0
1038,L01,401035,0
1038,L01,401036,0
1038,L01,401037,0
1038,L01,401038,0
1041,L01,401039,0
1038,L01,401039,0
1038,L01,401040,0
1038,L01,401041,0
1038,L01,401042,0
1038,L01,401043,0
1038,L01,401044,0
1036,L01,401045,0
1038,L01,401046,0
1038,L01,401047,0
1038,L01,401048,0
1038,L01,401049,0
1038,L01,401050,0
1038,L01,401051,0
1038,L01,401052,0
1038,L01,401053,0
1038,L01,401054,0
1038,L01,401055,0
1038,L01,401056,0
1038,L01,401057,0
1038,L01,401058,0
1038,L01,401059,0
1041,L01,401060,0
1008,L01,401061,0
1038,L01,401062,0
1038,L01,401063,0
1038,L01,401064,0
1038,L01,401065,0
1038,L01,401066,0
1038,L01,401067,0
1038,L01,401068,0
1038,L01,401069,0
1038,L01,401070,0
1038,L01,401071,0
1038,L01,401072,0
1038,L01,401073,0
1038,L01,401074,0
1038,L01,401075,0
1041,L01,401076,0
1041,L01,401077,0
1091,L01,401078,0
1091,L01,401079,0
1092,L01,401081,0
1092,L01,401082,0
1101,L01,401083,0
1115,L01,401084,0
1039,L01,501001,0
1039,L01,501002,0
1061,L01,501003,0
1061,L01,501004,0
1061,L01,501005,0
1061,L01,501006,0
1061,L01,501007,0
1061,L01,501008,0
1061,L01,501009,0
1061,L01,501010,0
1030,L01,501011,0
1030,L01,501012,0
1030,L01,501013,0
1030,L01,501014,0
1030,L01,501015,0
1030,L01,501016,0
1030,L01,501017,0
1037,L01,501018,0
1037,L01,501019,0
1037,L01,501020,0
1037,L01,501021,0
1037,L01,501022,0
1037,L01,501023,0
1030,L01,501024,0
1037,L01,501024,0
1037,L01,501025,0
1030,L01,501025,0
1030,L01,501026,0
1037,L01,501026,0
1030,L01,501027,0
1037,L01,501027,0
1030,L01,501028,0
1037,L01,501028,0
1030,L01,501029,0
1037,L01,501029,0
1030,L01,501030,0
1037,L01,501030,0
1037,L01,501031,0
1037,L01,501032,0
1037,L01,501033,0
1030,L01,501034,0
1037,L01,501034,0
1030,L01,501035,0
1037,L01,501035,0
1030,L01,501036,0
1037,L01,501036,0
1030,L01,501037,0
1037,L01,501037,0
1030,L01,501038,0
1037,L01,501038,0
1030,L01,501039,0
1037,L01,501039,0
1030,L01,501040,0
1037,L01,501040,0
1030,L01,501041,0
1037,L01,501041,0
1030,L01,501042,0
1037,L01,501042,0
1030,L01,501043,0
1037,L01,501043,0
1030,L01,501044,0
1037,L01,501044,0
1030,L01,501045,0
1037,L01,501045,0
1030,L01,501046,0
1037,L01,501046,0
1030,L01,501047,0
1037,L01,501047,0
1030,L01,501048,0
1037,L01,501048,0
1030,L01,501049,0
1037,L01,501049,0
1030,L01,501050,0
1037,L01,501050,0
1030,L01,501051,0
1037,L01,501051,0
1030,L01,501052,0
1037,L01,501052,0
0000,L01,501053,0
1037,L01,501053,0
0000,L01,501054,0
1037,L01,501054,0
1030,L01,501055,0
1037,L01,501055,0
1037,L01,501056,0
1031,L01,501056,0
1030,L01,501057,0
1037,L01,501057,0
1030,L01,501058,0
1037,L01,501058,0
1030,L01,501059,0
1037,L01,501059,0
1037,L01,501060,0
0000,L01,501061,0
1037,L01,501061,0
1030,L01,501062,0
1037,L01,501062,0
1030,L01,501063,0
1037,L01,501063,0
1030,L01,501064,0
1037,L01,501064,0
1030,L01,501065,0
1037,L01,501065,0
1030,L01,501066,0
1037,L01,501066,0
1030,L01,501067,0
1037,L01,501067,0
1030,L01,501068,0
1037,L01,501068,0
1030,L01,501069,0
1037,L01,501069,0
1030,L01,501070,0
1037,L01,501070,0
1030,L01,501071,0
1037,L01,501071,0
1030,L01,501072,0
1037,L01,501072,0
1030,L01,501073,0
1037,L01,501073,0
1030,L01,501074,0
1037,L01,501074,0
1030,L01,501075,0
1037,L01,501075,0
1030,L01,501076,0
1037,L01,501076,0
1030,L01,501077,0
1037,L01,501077,0
1030,L01,501078,0
1037,L01,501078,0
1030,L01,501079,0
1037,L01,501079,0
1030,L01,501080,0
1037,L01,501080,0
1030,L01,501081,0
1037,L01,501081,0
1030,L01,501082,0
1037,L01,501082,0
1030,L01,501083,0
1037,L01,501083,0
1030,L01,501084,0
1037,L01,501084,0
1030,L01,501085,0
1037,L01,501085,0
1030,L01,501086,0
1037,L01,501086,0
1030,L01,501087,0
1037,L01,501087,0
1030,L01,501088,0
1037,L01,501088,0
1030,L01,501089,0
1037,L01,501089,0
1030,L01,501090,0
1037,L01,501090,0
1030,L01,501091,0
1037,L01,501091,0
1030,L01,501092,0
1037,L01,501092,0
1030,L01,501093,0
1037,L01,501093,0
1030,L01,501094,0
1037,L01,501094,0
1030,L01,501095,0
1037,L01,501095,0
1030,L01,501096,0
1037,L01,501096,0
1030,L01,501097,0
1037,L01,501097,0
1030,L01,501098,0
1037,L01,501098,0
1030,L01,501099,0
1037,L01,501099,0
1037,L01,501100,0
1030,L01,501100,0
1030,L01,501101,0
1037,L01,501101,0
1037,L01,501102,0
1037,L01,501103,0
1030,L01,501103,0
1037,L01,501104,0
1030,L01,501104,0
1030,L01,501105,0
1037,L01,501105,0
1030,L01,501106,0
1037,L01,501106,0
1037,L01,501107,0
1030,L01,501107,0
1037,L01,501108,0
1030,L01,501108,0
1030,L01,501109,0
1037,L01,501109,0
1030,L01,501110,0
1037,L01,501110,0
1037,L01,501111,0
1030,L01,501111,0
1030,L01,501112,0
1037,L01,501112,0
1030,L01,501113,0
1037,L01,501113,0
1037,L01,501114,0
1030,L01,501114,0
1037,L01,501115,0
1030,L01,501115,0
1030,L01,501116,0
1037,L01,501116,0
1030,L01,501117,0
1037,L01,501117,0
0000,L01,501117,0
1037,L01,501118,0
1030,L01,501118,0
1030,L01,501119,0
1037,L01,501119,0
1030,L01,501120,0
1037,L01,501120,0
1030,L01,501121,0
1037,L01,501121,0
1030,L01,501122,0
1037,L01,501122,0
1030,L01,501123,0
1037,L01,501123,0
1030,L01,501124,0
1037,L01,501124,0
1030,L01,501125,0
1037,L01,501125,0
1030,L01,501126,0
1037,L01,501126,0
1030,L01,501127,0
1037,L01,501127,0
1030,L01,501128,0
1037,L01,501128,0
1030,L01,501129,0
1037,L01,501129,0
1030,L01,501130,0
1037,L01,501130,0
1030,L01,501131,0
1037,L01,501131,0
1030,L01,501132,0
1037,L01,501132,0
1030,L01,501133,0
1037,L01,501133,0
1030,L01,501134,0
1037,L01,501134,0
1030,L01,501135,0
1037,L01,501135,0
1030,L01,501136,0
1037,L01,501136,0
1030,L01,501137,0
1037,L01,501137,0
1030,L01,501138,0
1037,L01,501138,0
1030,L01,501139,0
1037,L01,501139,0
1030,L01,501140,0
1037,L01,501140,0
1030,L01,501141,0
1037,L01,501141,0
1030,L01,501142,0
1037,L01,501142,0
1030,L01,501143,0
1037,L01,501143,0
1030,L01,501144,0
1037,L01,501144,0
1030,L01,501145,0
1037,L01,501145,0
1030,L01,501146,0
1037,L01,501146,0
1030,L01,501147,0
1037,L01,501147,0
1030,L01,501148,0
1037,L01,501148,0
1030,L01,501149,0
1037,L01,501149,0
1030,L01,501150,0
1037,L01,501150,0
1030,L01,501151,0
1037,L01,501151,0
1030,L01,501152,0
1037,L01,501152,0
1030,L01,501153,0
1037,L01,501153,0
1030,L01,501154,0
1037,L01,501154,0
1030,L01,501155,0
1037,L01,501155,0
1030,L01,501156,0
1037,L01,501156,0
1030,L01,501157,0
1037,L01,501157,0
1030,L01,501158,0
1037,L01,501158,0
1030,L01,501159,0
1037,L01,501159,0
1030,L01,501160,0
1037,L01,501160,0
1030,L01,501161,0
1037,L01,501161,0
1030,L01,501162,0
1037,L01,501162,0
1030,L01,501163,0
1037,L01,501163,0
1030,L01,501164,0
1037,L01,501164,0
1030,L01,501165,0
1037,L01,501165,0
1030,L01,501166,0
1037,L01,501166,0
1030,L01,501167,0
1037,L01,501167,0
1030,L01,501168,0
1037,L01,501168,0
1030,L01,501169,0
1037,L01,501169,0
1030,L01,501170,0
1037,L01,501170,0
1030,L01,501171,0
1037,L01,501171,0
1030,L01,501172,0
1037,L01,501172,0
1030,L01,501173,0
1037,L01,501173,0
1030,L01,501174,0
1037,L01,501174,0
1030,L01,501175,0
1037,L01,501175,0
1030,L01,501176,0
1037,L01,501176,0
1030,L01,501177,0
1037,L01,501177,0
1030,L01,501178,0
1037,L01,501178,0
1030,L01,501179,0
1037,L01,501179,0
1030,L01,501180,0
1037,L01,501180,0
1030,L01,501181,0
1037,L01,501181,0
1030,L01,501182,0
1037,L01,501182,0
1030,L01,501183,0
1037,L01,501183,0
1030,L01,501184,0
1037,L01,501184,0
1030,L01,501185,0
1037,L01,501185,0
1030,L01,501186,0
1037,L01,501186,0
1030,L01,501187,0
1037,L01,501187,0
1030,L01,501188,0
1037,L01,501188,0
1030,L01,501189,0
1037,L01,501189,0
1030,L01,501190,0
1037,L01,501190,0
1030,L01,501191,0
1037,L01,501191,0
1030,L01,501192,0
1037,L01,501192,0
1030,L01,501193,0
1037,L01,501193,0
1030,L01,501194,0
1037,L01,501194,0
1030,L01,501195,0
1037,L01,501195,0
1030,L01,501196,0
1037,L01,501196,0
1030,L01,501197,0
1037,L01,501197,0
1030,L01,501198,0
1037,L01,501198,0
1030,L01,501199,0
1037,L01,501199,0
1030,L01,501200,0
1037,L01,501200,0
1030,L01,501201,0
1037,L01,501201,0
1030,L01,501202,0
1037,L01,501202,0
1030,L01,501203,0
1037,L01,501203,0
1037,L01,501204,0
1030,L01,501204,0
1037,L01,501205,0
1030,L01,501205,0
1037,L01,501206,0
1030,L01,501206,0
1030,L01,501207,0
1037,L01,501207,0
1030,L01,501208,0
1037,L01,501208,0
1030,L01,501209,0
1037,L01,501209,0
1030,L01,501210,0
1037,L01,501210,0
1037,L01,501211,0
1030,L01,501211,0
1037,L01,501212,0
1030,L01,501212,0
1037,L01,501213,0
1030,L01,501213,0
1030,L01,501214,0
1037,L01,501214,0
1030,L01,501215,0
1037,L01,501215,0
1030,L01,501216,0
1037,L01,501216,0
1030,L01,501217,0
1037,L01,501217,0
1030,L01,501218,0
1037,L01,501218,0
1037,L01,501219,0
1030,L01,501219,0
1030,L01,501220,0
1037,L01,501220,0
1037,L01,501221,0
1061,L01,501221,0
1037,L01,501222,0
1061,L01,501222,0
0000,L01,501223,0
1037,L01,501223,0
1037,L01,501224,0
1061,L01,501224,0
1061,L01,501225,0
0000,L01,501226,0
1037,L01,501226,0
0000,L01,501227,0
1037,L01,501227,0
1037,L01,501228,0
1061,L01,501228,0
1037,L01,501230,0
1061,L01,501230,0
0000,L01,501231,0
1037,L01,501231,0
0000,L01,501232,0
1037,L01,501232,0
1037,L01,501233,0
1061,L01,501233,0
1030,L01,501235,0
1037,L01,501235,0
1030,L01,501236,0
1037,L01,501236,0
1037,L01,501237,0
1061,L01,501237,0
0000,L01,501238,0
1037,L01,501238,0
0000,L01,501239,0
1037,L01,501239,0
0000,L01,501240,0
1037,L01,501240,0
0000,L01,501241,0
1037,L01,501241,0
0000,L01,501242,0
1037,L01,501242,0
0000,L01,501244,0
1037,L01,501244,0
1037,L01,501245,0
1061,L01,501245,0
1037,L01,501246,0
1039,L01,501246,0
1037,L01,501247,0
1061,L01,501247,0
1037,L01,501248,0
1061,L01,501248,0
1022,L01,501250,0
0000,L01,501251,0
1037,L01,501251,0
1037,L01,501252,0
0000,L01,501252,0
0000,L01,501253,0
1037,L01,501253,0
1030,L01,501254,0
1037,L01,501254,0
1030,L01,501255,0
1037,L01,501256,0
1030,L01,501256,0
1030,L01,501257,0
1037,L01,501257,0
1022,L01,501258,0
1022,L01,501259,0
1037,L01,501259,0
0000,L01,501261,0
0000,L01,501262,0
0000,L01,501263,0
1030,L01,501264,0
1061,L01,501265,0
1022,L01,501266,0
1061,L01,501267,0
1061,L01,501268,0
1061,L01,501269,0
1061,L01,501270,0
1061,L01,501271,0
1037,L01,501272,0
1061,L01,501272,0
1061,L01,501273,0
1061,L01,501274,0
1061,L01,501275,0
0000,L01,501276,0
1021,L01,501277,0
1031,L01,501279,0
0000,L01,501280,0
0000,L01,501281,0
0000,L01,501282,0
1061,L01,501283,0
1022,L01,501284,0
1061,L01,501285,0
1061,L01,501286,0
1031,L01,501287,0
1031,L01,501288,0
1061,L01,501289,0
0000,L01,501290,0
0000,L01,501291,0
0000,L01,501292,0
1061,L01,501293,0
1030,L01,501294,0
0000,L01,501295,0
0000,L01,501296,0
0000,L01,501297,0
1061,L01,501298,0
1061,L01,501299,0
0000,L01,501300,0
0000,L01,501301,0
0000,L01,501302,0
0000,L01,501303,0
1030,L01,501304,0
0000,L01,501305,0
1030,L01,501306,0
0000,L01,501307,0
1061,L01,501308,0
1022,L01,501309,0
1030,L01,501311,0
1030,L01,501312,0
1030,L01,501313,0
1030,L01,501314,0
1030,L01,501315,0
1030,L01,501316,0
1030,L01,501318,0
1030,L01,501319,0
1030,L01,501320,0
1030,L01,501321,0
1030,L01,501322,0
1030,L01,501323,0
1030,L01,501324,0
1030,L01,501325,0
1030,L01,501326,0
1030,L01,501327,0
1030,L01,501328,0
1030,L01,501329,0
1030,L01,501330,0
1030,L01,501331,0
1030,L01,501332,0
1030,L01,501333,0
1030,L01,501334,0
1030,L01,501335,0
1030,L01,501336,0
1030,L01,501337,0
1030,L01,501338,0
0000,L01,501339,0
1030,L01,501340,0
1030,L01,501341,0
1030,L01,501342,0
1030,L01,501343,0
1030,L01,501344,0
1030,L01,501345,0
1030,L01,501346,0
1030,L01,501347,0
1030,L01,501349,0
1030,L01,501350,0
1030,L01,501351,0
1030,L01,501352,0
1030,L01,501353,0
1030,L01,501354,0
1030,L01,501355,0
1030,L01,501356,0
1030,L01,501357,0
1030,L01,501358,0
1030,L01,501359,0
1030,L01,501360,0
1030,L01,501361,0
1030,L01,501362,0
1030,L01,501363,0
1030,L01,501364,0
1030,L01,501365,0
1030,L01,501366,0
1030,L01,501368,0
1030,L01,501369,0
1030,L01,501370,0
1030,L01,501371,0
1030,L01,501372,0
1030,L01,501373,0
1030,L01,501374,0
1030,L01,501375,0
1030,L01,501376,0
1030,L01,501377,0
1030,L01,501378,0
1030,L01,501379,0
1030,L01,501380,0
1030,L01,501381,0
1030,L01,501382,0
1030,L01,501383,0
1030,L01,501384,0
1030,L01,501385,0
1030,L01,501386,0
1030,L01,501387,0
1030,L01,501388,0
1030,L01,501389,0
1030,L01,501390,0
1030,L01,501391,0
1030,L01,501392,0
1030,L01,501393,0
1030,L01,501394,0
1030,L01,501396,0
1030,L01,501397,0
1030,L01,501398,0
1030,L01,501399,0
1030,L01,501400,0
1030,L01,501401,0
1030,L01,501402,0
1030,L01,501403,0
1030,L01,501404,0
1030,L01,501405,0
1030,L01,501406,0
1030,L01,501407,0
1030,L01,501408,0
1030,L01,501409,0
1030,L01,501411,0
1030,L01,501412,0
1030,L01,501413,0
1030,L01,501414,0
1030,L01,501415,0
1030,L01,501417,0
1031,L01,501418,0
1061,L01,501419,0
0000,L01,501420,0
1061,L01,501421,0
0000,L01,501422,0
0000,L01,501423,0
1030,L01,501424,0
0000,L01,501425,0
1022,L01,501425,0
0000,L01,501426,0
0000,L01,501427,0
0000,L01,501428,0
0000,L01,501429,0
0000,L01,501430,0
0000,L01,501431,0
0000,L01,501432,0
0000,L01,501433,0
0000,L01,501434,0
0000,L01,501435,0
0000,L01,501436,0
0000,L01,501437,0
0000,L01,501438,0
0000,L01,501439,0
0000,L01,501440,0
0000,L01,501441,0
0000,L01,501442,0
0000,L01,501443,0
0000,L01,501444,0
0000,L01,501445,0
1030,L01,501446,0
1030,L01,501447,0
1022,L01,501448,0
0000,L01,501449,0
1030,L01,501449,0
0000,L01,501450,0
0000,L01,501451,0
0000,L01,501452,0
1061,L01,501453,0
0000,L01,501455,0
1030,L01,501457,0
1030,L01,501458,0
1030,L01,501459,0
1030,L01,501460,0
1037,L01,501461,0
1030,L01,501462,0
1030,L01,501463,0
1030,L01,501464,0
1030,L01,501465,0
1030,L01,501466,0
1039,L01,501467,0
1030,L01,501468,0
1030,L01,501469,0
1030,L01,501470,0
1030,L01,501471,0
1031,L01,501473,0
1031,L01,501474,0
1030,L01,501475,0
1037,L01,501476,0
1030,L01,501477,0
1037,L01,501478,0
1031,L01,501479,0
1030,L01,501480,0
1037,L01,501481,0
1037,L01,501482,0
1031,L01,501484,0
0000,L01,501493,0
0000,L01,501494,0
1031,L01,501498,0
1030,L01,501499,0
1022,L01,501500,0
1031,L01,501501,0
1031,L01,501502,0
1030,L01,501503,0
1037,L01,501504,0
0000,L01,501505,0
0000,L01,501506,0
1030,L01,501507,0
1061,L01,501508,0
1061,L01,501509,0
0000,L01,501509,0
0000,L01,501510,0
1061,L01,501510,0
1061,L01,501511,0
0000,L01,501511,0
1061,L01,501512,0
0000,L01,501512,0
1061,L01,501513,0
0000,L01,501513,0
0000,L01,501514,0
1061,L01,501514,0
1061,L01,501515,0
0000,L01,501515,0
0000,L01,501516,0
1061,L01,501516,0
0000,L01,501517,0
1061,L01,501517,0
0000,L01,501518,0
1061,L01,501518,0
0000,L01,501519,0
1061,L01,501519,0
1061,L01,501520,0
0000,L01,501520,0
0000,L01,501521,0
1061,L01,501521,0
0000,L01,501522,0
1061,L01,501522,0
0000,L01,501523,0
1061,L01,501523,0
1061,L01,501524,0
0000,L01,501524,0
1061,L01,501525,0
0000,L01,501525,0
1061,L01,501526,0
0000,L01,501526,0
1061,L01,501527,0
0000,L01,501527,0
0000,L01,501528,0
1061,L01,501528,0
1037,L01,501529,0
1032,L01,501530,0
1037,L01,501531,0
1037,L01,501532,0
1037,L01,501533,0
1039,L01,501534,0
1039,L01,501535,0
1039,L01,501536,0
1039,L01,501537,0
1039,L01,501538,0
1039,L01,501539,0
1039,L01,501540,0
1039,L01,501541,0
1032,L01,501542,0
1039,L01,501543,0
1039,L01,501544,0
1039,L01,501545,0
1039,L01,501549,0
1039,L01,501550,0
1039,L01,501551,0
1039,L01,501552,0
1039,L01,501553,0
1039,L01,501554,0
1039,L01,501555,0
1039,L01,501556,0
1039,L01,501558,0
1039,L01,501559,0
1039,L01,501560,0
1039,L01,501561,0
1039,L01,501562,0
1039,L01,501563,0
1039,L01,501564,0
1039,L01,501565,0
1039,L01,501566,0
1039,L01,501567,0
1039,L01,501568,0
1039,L01,501569,0
1039,L01,501570,0
1039,L01,501571,0
1039,L01,501572,0
1039,L01,501573,0
1039,L01,501574,0
1039,L01,501575,0
1039,L01,501576,0
1039,L01,501577,0
1039,L01,501578,0
1039,L01,501579,0
1039,L01,501580,0
1039,L01,501581,0
1037,L01,501582,0
1037,L01,501583,0
1037,L01,501584,0
1037,L01,501585,0
1037,L01,501586,0
1037,L01,501587,0
1037,L01,501588,0
1032,L01,501589,0
1037,L01,501590,0
1032,L01,501591,0
1032,L01,501592,0
1037,L01,501593,0
1037,L01,501594,0
1032,L01,501595,0
1037,L01,501596,0
1037,L01,501597,0
1037,L01,501598,0
1037,L01,501599,0
1037,L01,501600,0
1037,L01,501601,0
1037,L01,501602,0
1037,L01,501603,0
1037,L01,501604,0
1037,L01,501605,0
1037,L01,501606,0
1032,L01,501607,0
1032,L01,501608,0
1032,L01,501609,0
1030,L01,501610,0
1037,L01,501611,0
1037,L01,501612,0
1037,L01,501613,0
1037,L01,501614,0
1037,L01,501615,0
1037,L01,501616,0
1032,L01,501617,0
1037,L01,501618,0
1032,L01,501619,0
1037,L01,501620,0
1032,L01,501621,0
1037,L01,501622,0
1037,L01,501623,0
1037,L01,501624,0
1037,L01,501625,0
1037,L01,501626,0
1037,L01,501627,0
1037,L01,501628,0
1037,L01,501629,0
1037,L01,501630,0
1032,L01,501631,0
1037,L01,501632,0
1030,L01,501633,0
1030,L01,501634,0
1030,L01,501635,0
1030,L01,501636,0
1037,L01,501637,0
1037,L01,501638,0
1037,L01,501639,0
1037,L01,501640,0
1037,L01,501641,0
1037,L01,501642,0
1061,L01,501643,0
1022,L01,501644,0
1022,L01,501645,0
1022,L01,501646,0
1037,L01,501647,0
1022,L01,501647,0
1022,L01,501648,0
1022,L01,501649,0
1022,L01,501650,0
1022,L01,501651,0
1022,L01,501652,0
1022,L01,501653,0
1022,L01,501654,0
1037,L01,501654,0
1037,L01,501655,0
1037,L01,501656,0
1037,L01,501658,0
1037,L01,501659,0
1037,L01,501660,0
1037,L01,501661,0
1030,L01,501662,0
1030,L01,501663,0
1030,L01,501664,0
1030,L01,501665,0
1030,L01,501666,0
1030,L01,501667,0
1030,L01,501668,0
1037,L01,501669,0
1037,L01,501670,0
1037,L01,501671,0
1037,L01,501672,0
1037,L01,501673,0
1032,L01,501674,0
1032,L01,501675,0
1037,L01,501676,0
1030,L01,501677,0
1030,L01,501678,0
1030,L01,501679,0
1032,L01,501680,0
1085,L01,501681,0
1061,L01,501682,0
1081,L01,501683,0
1037,L01,501684,0
1037,L01,501685,0
1085,L01,501686,0
1085,L01,501687,0
1085,L01,501688,0
1085,L01,501689,0
1085,L01,501690,0
1085,L01,501691,0
1085,L01,501692,0
1085,L01,501693,0
1085,L01,501694,0
1085,L01,501696,0
1085,L01,501697,0
1085,L01,501698,0
1085,L01,501699,0
1085,L01,501700,0
1085,L01,501701,0
1085,L01,501702,0
1085,L01,501703,0
1085,L01,501704,0
1061,L01,501705,0
1037,L01,501706,0
1037,L01,501707,0
1085,L01,501708,0
1085,L01,501709,0
1085,L01,501710,0
1085,L01,501711,0
1037,L01,501712,0
1037,L01,501713,0
1037,L01,501714,0
1030,L01,501715,0
1090,L01,501716,0
1090,L01,501717,0
1090,L01,501718,0
1090,L01,501719,0
1030,L01,501720,0
1037,L01,501800,0
1071,L01,501801,0
1071,L01,501802,0
1085,L01,501803,0
1085,L01,501804,0
1097,L01,501805,0
1037,L01,501806,0
1037,L01,501807,0
1037,L01,501808,0
1037,L01,501809,0
1037,L01,501810,0
1037,L01,501811,0
1037,L01,501812,0
1037,L01,501813,0
1037,L01,501814,0
1037,L01,501815,0
1037,L01,501816,0
1037,L01,501817,0
1037,L01,501818,0
1037,L01,501819,0
1037,L01,501820,0
1037,L01,501821,0
1037,L01,501822,0
1037,L01,501823,0
1037,L01,501824,0
1037,L01,501825,0
1037,L01,501826,0
1037,L01,501827,0
1037,L01,501828,0
1037,L01,501829,0
1037,L01,501830,0
1037,L01,501831,0
1037,L01,501832,0
1037,L01,501833,0
1037,L01,501834,0
1037,L01,501835,0
1037,L01,501836,0
1030,L01,501837,0
1037,L01,501838,0
1037,L01,501839,0
1037,L01,501840,0
1037,L01,501841,0
1030,L01,501842,0
1030,L01,501843,0
1030,L01,501844,0
1030,L01,501845,0
1030,L01,501846,0
1030,L01,501847,0
1085,L01,501848,0
1085,L01,501849,0
1030,L01,501849,0
1085,L01,501850,0
1085,L01,501851,0
1085,L01,501852,0
1061,L01,501853,0
1030,L01,501854,0
1115,L01,501855,0
1037,L01,501856,0
1030,L01,501857,0
1085,L01,501858,0
1037,L01,501859,0
1037,L01,501861,0
1037,L01,501862,0
1022,L01,501863,0
1037,L01,501863,0
1097,L01,501864,0
1037,L01,501865,0
1030,L01,501866,0
1030,L01,501867,0
1030,L01,501868,0
1030,L01,501869,0
1030,L01,501870,0
1030,L01,501871,0
1030,L01,501872,0
1030,L01,501873,0
1030,L01,501874,0
1030,L01,501875,0
1030,L01,501876,0
1030,L01,501877,0
1037,L01,501878,0
1037,L01,501879,0
1037,L01,501890,0
1037,L01,501891,0
1037,L01,501892,0
1037,L01,501893,0
1037,L01,501894,0
1022,L01,501895,0
1097,L01,501896,0
1030,L01,501897,0
1037,L01,501898,0
1037,L01,501899,0
1037,L01,501900,0
1037,L01,502000,0
1037,L01,502001,0
1097,L01,502002,0
1037,L01,502003,0
1037,L01,502004,0
1037,L01,502005,0
1037,L01,502006,0
1037,L01,502007,0
1037,L01,502008,0
1037,L01,502009,0
1037,L01,601001,0
1041,L01,601002,0
1041,L01,601003,0
1034,L01,601004,0
0000,L01,601005,0
1070,L01,601005,0
0000,L01,601006,0
1070,L01,601006,0
0000,L01,601007,0
1070,L01,601007,0
0000,L01,601008,0
1021,L01,601008,0
0000,L01,601009,0
1021,L01,601009,0
0000,L01,601010,0
1073,L01,601010,0
0000,L01,601011,0
1073,L01,601011,0
0000,L01,601012,0
1073,L01,601012,0
1037,L01,601013,0
1037,L01,601014,0
1037,L01,601015,0
1037,L01,601016,0
1037,L01,601017,0
1037,L01,601018,0
1037,L01,601019,0
1037,L01,601020,0
1030,L01,601021,0
1030,L01,601022,0
1037,L01,601023,0
1013,L01,601024,0
2003,L01,601024,0
1013,L01,601025,0
2003,L01,601025,0
1032,L01,601026,0
1037,L01,601027,0
1037,L01,601028,0
1022,L01,601029,0
1022,L01,601030,0
1022,L01,601031,0
1022,L01,601032,0
1022,L01,601033,0
1034,L01,601034,0
1037,L01,601035,0
1037,L01,601036,0
1037,L01,601037,0
1037,L01,601038,0
1037,L01,601039,0
1037,L01,601040,0
1037,L01,601041,0
1037,L01,601042,0
1037,L01,601043,0
1037,L01,601044,0
1037,L01,601045,0
1037,L01,601046,0
1037,L01,601047,0
1037,L01,601048,0
1037,L01,601049,0
1037,L01,601050,0
1037,L01,601051,0
1038,L01,601051,0
1037,L01,601052,0
1037,L01,601053,0
1037,L01,601054,0
1037,L01,601055,0
1037,L01,601056,0
1037,L01,601057,0
1037,L01,601059,0
1037,L01,601060,0
1037,L01,601061,0
1037,L01,601062,0
1037,L01,601063,0
1037,L01,601064,0
1037,L01,601065,0
1037,L01,601066,0
1037,L01,601067,0
1037,L01,601068,0
1037,L01,601069,0
1037,L01,601070,0
1037,L01,601071,0
1037,L01,601072,0
1037,L01,601073,0
1037,L01,601074,0
1037,L01,601075,0
1037,L01,601076,0
1037,L01,601077,0
1037,L01,601078,0
1037,L01,601079,0
1037,L01,601080,0
1037,L01,601081,0
1037,L01,601082,0
1037,L01,601083,0
1037,L01,601084,0
1037,L01,601085,0
1037,L01,601086,0
1037,L01,601087,0
1037,L01,601088,0
1037,L01,601089,0
1037,L01,601090,0
1037,L01,601091,0
1037,L01,601092,0
1037,L01,601093,0
1037,L01,601094,0
1037,L01,601095,0
1037,L01,601096,0
1037,L01,601097,0
1037,L01,601098,0
1037,L01,601099,0
1037,L01,601100,0
1037,L01,601101,0
1037,L01,601102,0
1037,L01,601103,0
1037,L01,601104,0
1037,L01,601105,0
1037,L01,601106,0
1037,L01,601107,0
1037,L01,601108,0
1037,L01,601109,0
1037,L01,601110,0
1037,L01,601111,0
1037,L01,601112,0
1037,L01,601113,0
1037,L01,601114,0
1037,L01,601115,0
1037,L01,601116,0
1037,L01,601117,0
1037,L01,601118,0
1037,L01,601119,0
1037,L01,601120,0
1037,L01,601121,0
1037,L01,601122,0
1037,L01,601123,0
1037,L01,601124,0
1037,L01,601125,0
1037,L01,601126,0
1037,L01,601127,0
1037,L01,601128,0
1037,L01,601129,0
1037,L01,601130,0
1037,L01,601131,0
1037,L01,601132,0
0000,L01,601133,0
1034,L01,601134,0
1034,L01,601135,0
1041,L01,601136,0
1041,L01,601137,0
1041,L01,601138,0
1041,L01,601139,0
1041,L01,601140,0
1041,L01,601141,0
1041,L01,601142,0
1041,L01,601143,0
1041,L01,601144,0
1041,L01,601145,0
1045,L01,601146,0
1045,L01,601147,0
1045,L01,601148,0
1045,L01,601149,0
1045,L01,601150,0
1045,L01,601151,0
1045,L01,601152,0
1045,L01,601153,0
1045,L01,601154,0
1035,L01,601155,0
1035,L01,601156,0
1035,L01,601157,0
1044,L01,601158,0
F01,L01,601159,0
1079,L01,601159,0
1037,L01,601160,0
1037,L01,601161,0
1037,L01,601162,0
1046,L01,601164,0
1046,L01,601165,0
1047,L01,601166,0
1047,L01,601167,0
1047,L01,601168,0
1047,L01,601169,0
1047,L01,601170,0
1032,L01,601171,0
1032,L01,601172,0
1019,L01,601173,0
1037,L01,601174,0
1022,L01,601175,0
1022,L01,601176,0
1022,L01,601177,0
1022,L01,601178,0
1022,L01,601179,0
1037,L01,601180,0
1037,L01,601181,0
1037,L01,601182,0
1037,L01,601183,0
1037,L01,601185,0
1037,L01,601186,0
1037,L01,601187,0
1037,L01,601188,0
1037,L01,601189,0
1041,L01,601190,0
1037,L01,601191,0
1037,L01,601192,0
1037,L01,601193,0
1037,L01,601194,0
1037,L01,601195,0
1037,L01,601196,0
1037,L01,601197,0
1037,L01,601198,0
1037,L01,601199,0
1037,L01,601200,0
1037,L01,601201,0
1037,L01,601202,0
1037,L01,601204,0
1022,L01,601205,0
1022,L01,601206,0
1022,L01,601207,0
1022,L01,601208,0
1022,L01,601209,0
1022,L01,601210,0
1022,L01,601211,0
1022,L01,601212,0
1037,L01,601212,0
1022,L01,601213,0
1037,L01,601214,0
1022,L01,601214,0
1022,L01,601215,0
1022,L01,601216,0
1022,L01,601217,0
1037,L01,601218,0
1022,L01,601219,0
1037,L01,601220,0
1040,L01,601220,0
1072,L01,601221,0
1072,L01,601222,0
1072,L01,601223,0
1037,L01,601224,0
1032,L01,601225,0
1037,L01,601226,0
1032,L01,601227,0
1032,L01,601228,0
1037,L01,601229,0
1037,L01,601230,0
1076,L01,601231,0
1037,L01,601232,0
1037,L01,601233,0
1041,L01,601234,0
0000,L01,601235,0
1078,L01,601235,0
1089,L01,601235,0
1037,L01,601236,0
1037,L01,601237,0
1037,L01,601238,0
1037,L01,601239,0
1037,L01,601240,0
1037,L01,601241,0
1037,L01,601242,0
1037,L01,601243,0
1037,L01,601244,0
1037,L01,601245,0
1037,L01,601246,0
1037,L01,601247,0
1032,L01,601248,0
1037,L01,601248,0
1032,L01,601249,0
1037,L01,601250,0
1032,L01,601251,0
1037,L01,601252,0
1037,L01,601253,0
1037,L01,601254,0
1037,L01,601255,0
1037,L01,601256,0
1037,L01,601257,0
1037,L01,601258,0
1037,L01,601259,0
1037,L01,601260,0
1037,L01,601261,0
1037,L01,601262,0
1037,L01,601263,0
1037,L01,601264,0
1037,L01,601265,0
1037,L01,601266,0
1037,L01,601267,0
1037,L01,601268,0
1037,L01,601269,0
1041,L01,601270,0
1037,L01,601271,0
1037,L01,601272,0
1037,L01,601273,0
1037,L01,601274,0
1037,L01,601275,0
1037,L01,601277,0
1037,L01,601278,0
1037,L01,601279,0
1037,L01,601280,0
1037,L01,601281,0
1037,L01,601282,0
1037,L01,601283,0
1037,L01,601284,0
1037,L01,601285,0
1037,L01,601286,0
1037,L01,601287,0
1032,L01,601288,0
1037,L01,601289,0
1037,L01,601290,0
1037,L01,601291,0
1038,L01,601292,0
1037,L01,601293,0
1037,L01,601294,0
1037,L01,601295,0
1037,L01,601296,0
1037,L01,601297,0
1037,L01,601298,0
1032,L01,601299,0
1037,L01,601300,0
1037,L01,601301,0
1037,L01,601302,0
1037,L01,601303,0
1037,L01,601304,0
1032,L01,601305,0
1076,L01,601306,0
1037,L01,601307,0
1037,L01,601308,0
1037,L01,601309,0
1032,L01,601310,0
1037,L01,601310,0
1037,L01,601311,0
1037,L01,601312,0
1037,L01,601313,0
1037,L01,601314,0
1037,L01,601315,0
1037,L01,601316,0
1037,L01,601317,0
1037,L01,601318,0
1037,L01,601319,0
1037,L01,601320,0
1037,L01,601321,0
1037,L01,601322,0
1041,L01,601323,0
1013,L01,601324,0
1037,L01,601325,0
1032,L01,601326,0
1037,L01,601327,0
1037,L01,601328,0
1080,L01,601329,0
1037,L01,601330,0
1037,L01,601331,0
1022,L01,601332,0
1037,L01,601333,0
1041,L01,601334,0
1041,L01,601335,0
1041,L01,601336,0
1041,L01,601338,0
1041,L01,601339,0
1041,L01,601340,0
1041,L01,601341,0
1038,L01,601342,0
F01,L01,601461,0
1041,L01,610337,0
1037,L01,610338,0
1022,L01,610339,0
1022,L01,610440,0
1022,L01,610441,0
1037,L01,610442,0
1037,L01,610443,0
1032,L01,610444,0
1032,L01,610445,0
1032,L01,610446,0
1032,L01,610447,0
1032,L01,610448,0
1037,L01,610449,0
1037,L01,610450,0
1087,L01,610451,0
1087,L01,610452,0
1037,L01,610453,0
1037,L01,610454,0
1037,L01,610455,0
1037,L01,610456,0
1037,L01,610457,0
1037,L01,610458,0
1037,L01,610459,0
1022,L01,610460,0
1037,L01,610461,0
1037,L01,610462,0
1037,L01,610463,0
1037,L01,610464,0
1037,L01,610465,0
1037,L01,610466,0
1037,L01,610467,0
1037,L01,610468,0
1037,L01,610469,0
1037,L01,610470,0
1037,L01,610471,0
1037,L01,610472,0
1037,L01,610473,0
1037,L01,610474,0
1037,L01,610475,0
1037,L01,610476,0
1037,L01,610477,0
1037,L01,610478,0
1037,L01,610479,0
1037,L01,610480,0
1037,L01,610481,0
1037,L01,610482,0
1037,L01,610483,0
1037,L01,610484,0
1037,L01,610485,0
1037,L01,610486,0
1037,L01,610487,0
1037,L01,610488,0
1022,L01,610489,0
1030,L01,610490,0
1041,L01,610491,0
1037,L01,610492,0
1037,L01,610493,0
1037,L01,610494,0
1037,L01,610495,0
1037,L01,610496,0
1037,L01,610497,0
1037,L01,610498,0
1037,L01,610499,0
1032,L01,610500,0
1079,L01,610501,0
1079,L01,610502,0
1095,L01,610505,0
1095,L01,610506,0
1095,L01,610507,0
1037,L01,610508,0
1037,L01,610509,0
1030,L01,610510,0
1022,L01,610511,0
1032,L01,610512,0
1037,L01,610513,0
1037,L01,610514,0
1037,L01,610515,0
1037,L01,610516,0
1037,L01,610520,0
1037,L01,610521,0
1037,L01,610522,0
1037,L01,610523,0
1037,L01,610524,0
1037,L01,610525,0
1037,L01,610539,0
1037,L01,610540,0
1037,L01,610551,0
1037,L01,610552,0
1037,L01,610553,0
1022,L01,610554,0
1022,L01,610555,0
1037,L01,610556,0
1037,L01,610557,0
1037,L01,610558,0
1037,L01,610559,0
1037,L01,610560,0
1037,L01,610561,0
1106,L01,610562,0
1106,L01,610563,0
1106,L01,610564,0
1106,L01,610565,0
1097,L01,610566,0
1097,L01,610567,0
1097,L01,610568,0
1037,L01,610569,0
1037,L01,610570,0
1037,L01,610571,0
1114,L01,610571,0
1106,L01,610572,0
1037,L01,610573,0
1041,L01,610574,0
1115,L01,610575,0
1037,L01,610576,0
1097,L01,610577,0
1097,L01,610578,0
1097,L01,610579,0
1097,L01,610580,0
1097,L01,610581,0
1097,L01,610582,0
1097,L01,610583,0
1097,L01,610584,0
1097,L01,610585,0
1061,L01,610586,0
1008,L01,707018,0
