出品编码(10105-10115),出品名称,例牌,原料编码,原料名称,配方单位,比例因子,净料耗量,净料率,原料耗量,原料成本,原料类型
901,生菜半成品,斤,202030,生菜,克,500,500,100,1,,主料
902,香菜半成品,斤,202036,香菜,克,500,525,100,1.05,,主料
902,香菜半成品,斤,601268,35*50真空袋,个,1,2,100,2,,主料
90075,油麦菜半成品,斤,202037,油麦菜,克,500,520,100,1.04,,主料
904,芥兰半成品,斤,202031,芥兰,克,500,518,100,1.036,,主料
904,芥兰半成品,斤,601112,28*40真空袋,个,1,0.2,100,0.2,,主料
905,青菜半成品,斤,202033,青菜,克,500,521,100,1.042,,主料
906,菜心半成品,斤,202032,菜心,克,500,500,100,1,,主料
907,韭菜半成品,斤,202043,韭菜,克,500,506,100,1.012,,主料
908,黄豆芽半成品,斤,202072,黄豆芽,克,500,516,100,1.032,,主料
911,包菜半成品,斤,202027,包菜,克,500,500,100,1,,主料
912,小红尖椒半成品,斤,202080,小红尖椒,克,500,500,100,1,,主料
914,小青椒半成品,斤,202081,小青尖椒,克,500,507,100,1.014,,主料
915,红柿椒半成品,斤,202006,红柿椒,克,500,513,100,1.026,,主料
916,红朝天椒半成品,斤,202082,红朝天椒,克,500,500,100,1,,主料
917,螺丝椒半成品,斤,202089,螺丝椒,克,500,501,100,1.002,,主料
918,香葱半成品,斤,202040,香葱,克,500,512,100,1.024,,主料
919,去皮老姜半成品,斤,202063,去皮老姜,克,500,611,100,1.222,,主料
920,姜米半成品,斤,202063,去皮老姜,克,500,657,100,1.314,,主料
920,姜米半成品,斤,601114,20*30真空袋,个,1,1,100,1,,主料
921,大蒜半成品,斤,202041,大蒜,克,500,530,100,1.06,,主料
922,蒜米半成品,斤,202062,干蒜子,克,500,596,100,1.192,,主料
922,蒜米半成品,斤,601114,20*30真空袋,个,1,1,100,1,,主料
923,干蒜子半成品,斤,202062,干蒜子,克,500,500,100,1,,主料
924,淮山半成品,斤,202067,淮山,克,500,500,100,1,,主料
925,鲜香菇半成品,斤,202016,鲜香菇,克,500,513,100,1.026,,主料
925,鲜香菇半成品,斤,601114,20*30真空袋,个,1,2,100,2,,主料
926,西兰花半成品,斤,202048,西兰花,克,500,500,100,1,,主料
927,新鲜紫苏半成品,斤,202045,新鲜紫苏,克,500,563,100,1.126,,主料
928,黄瓜半成品,斤,202075,黄瓜,克,500,505,100,1.01,,主料
929,鲜百合半成品,斤,202015,鲜百合,克,500,596,62,1.92258,,主料
930,番西半成品,斤,202047,蕃西,克,500,527,100,1.054,,主料
931,苦菊半成品,斤,202051,苦菊,克,500,521,100,1.042,,主料
932,薄荷叶,斤,205015,薄荷叶,克,500,514,18.33,5.60829,,主料
933,紫罗兰,包,202025,紫罗兰,包,40,1,100,0.025,,主料
934,莴笋半成品,斤,202171,莴笋,斤,500,500,100,1,,主料
935,榨菜丁半成品,斤,202024,榨菜头,克,500,810,100,1.62,,主料
935,榨菜丁半成品,斤,601114,20*30真空袋,个,1,2,100,2,,主料
936,四季豆半成品,斤,202086,四季豆,克,500,500,100,1,,主料
937,红菜苔半成品,斤,202039,红菜苔,克,500,500,100,1,,主料
938,藕丁半成品,包,202060,白莲藕,克,500,4045,100,8.09,,主料
938,藕丁半成品,包,601268,35*50真空袋,个,1,1,100,1,,主料
939,红萝卜丝半成品,斤,202005,红萝卜,克,500,575,100,1.15,,主料
939,红萝卜丝半成品,斤,601114,20*30真空袋,个,1,1,100,1,,主料
940,红萝卜丁半成品,斤,202005,红萝卜,克,500,560,100,1.12,,主料
940,红萝卜丁半成品,斤,601112,28*40真空袋,个,1,34,100,34,,主料
941,洋葱半成品,斤,202058,剥皮洋葱,克,500,500,100,1,,主料
943,冬瓜半成品,斤,202076,冬瓜,克,500,506,100,1.012,,主料
945,橙汁瓜果球半成品,斤,202076,冬瓜,克,500,1855,100,3.71,,主料
946,大葱半成品,斤,202042,大葱,克,500,500,100,1,,主料
946,大葱半成品,斤,601112,28*40真空袋,个,1,1,100,1,,主料
947,南瓜半成品,斤,202077,老南瓜,克,500,502,100,1.004,,主料
948,酸辣椒半成品,斤,202117,酱椒,克,500,564,100,1.128,,主料
948,酸辣椒半成品,斤,601114,20*30真空袋,个,1,1,100,1,,主料
949,土豆丁半成品,斤,202013,土豆,克,500,658,100,1.316,,主料
949,土豆丁半成品,斤,601114,20*30真空袋,个,1,1,100,1,,主料
950,西生菜半成品,斤,202014,西生菜,克,500,512,100,1.024,,主料
951,紫生菜,斤,202166,紫生菜,克,500,509,100,1.018,,主料
952,白蘑菇,斤,202163,白蘑菇,克,500,502,100,1.004,,主料
953,迷迭香,斤,601114,20*30真空袋,个,1,1,100,1,,主料
954,土豆,斤,202013,土豆,克,500,504,100,1.008,,主料
959,紫包菜,斤,202046,紫包菜,克,500,500,100,1,,主料
10105,去骨仔鸭丁半成品,斤,102030,鸭胸肉,克,500,555.55,100,1.1111,,主料
10105,去骨仔鸭丁半成品,斤,601112,28*40真空袋,个,1,0.4,100,0.4,,主料
10106,鸡丁半成品,斤,102018,西餐鸡腿,克,500,555.45,100,1.1109,,主料
10106,鸡丁半成品,斤,601112,28*40真空袋,个,1,0.4,100,0.4,,主料
10107,牛腿肉半成品,斤,110063,佰茂牛肉丝,克,500,603.85,100,1.2077,,主料
10107,牛腿肉半成品,斤,601112,28*40真空袋,个,1,0.5,100,0.5,,主料
10108,鸡胸肉半成品,斤,102003,鸡胸肉,克,500,512.8,100,1.0256,,主料
10108,鸡胸肉半成品,斤,601114,20*30真空袋,个,1,0.5,100,0.5,,主料
10109,培根半成品,斤,102005,培根,克,500,512.8,100,1.0256,,主料
10109,培根半成品,斤,601114,20*30真空袋,个,1,0.5,100,0.5,,主料
10110,香芋泥半成品,斤,102007,山大王冻芋头,克,1000,1538,100,1.538,,主料
10110,香芋泥半成品,斤,601112,28*40真空袋,个,1,0.5,100,0.5,,主料
10111,卤肥肠半成品,斤,102023,大红门牌冷冻肥肠,克,500,892.85,100,1.7857,,主料
10111,卤肥肠半成品,斤,103012,野山椒黄整椒,克,500,1.78,100,0.00356,,主料
10111,卤肥肠半成品,斤,103017,肉桂,克,500,1.33,100,0.00266,,主料
10111,卤肥肠半成品,斤,103019,八角,克,500,0.89,100,0.00178,,主料
10111,卤肥肠半成品,斤,104022,海皇餐饮大豆油,克,500,8.92,100,0.01784,,主料
10111,卤肥肠半成品,斤,111086,去皮老姜半成品,克,500,4.46,100,0.00892,,主料
10111,卤肥肠半成品,斤,201012,家乐蚝油,克,6000,3.57,100,0.0006,,主料
10111,卤肥肠半成品,斤,201017,红油郫筒豆瓣酱,克,250,8.92,100,0.03568,,主料
10111,卤肥肠半成品,斤,201119,玉和桂花料酒,ML,480,8.57,100,0.01785,,主料
10111,卤肥肠半成品,斤,201123,海天生抽/4.9L,ML,4900,8.92,100,0.00182,,主料
10111,卤肥肠半成品,斤,201136,龙牌酱油/5L,ML,5000,3.57,100,0.00071,,主料
10111,卤肥肠半成品,斤,201176,食盐(400g),克,400,1.6,100,0.004,,主料
10111,卤肥肠半成品,斤,601112,28*40真空袋,个,1,0.4,100,0.4,,主料
10112,卤牛肚半成品,斤,102025,全干牛肚,克,500,580,100,1.16,,主料
10112,卤牛肚半成品,斤,10143,卤水半成品,克,500,250,100,0.5,,主料
10112,卤牛肚半成品,斤,601112,28*40真空袋,个,1,0.4,100,0.4,,主料
10113,卤耳尖半成品,斤,102024,皇冠牌冻耳尖,克,500,830,100,1.66,,主料
10113,卤耳尖半成品,斤,103012,野山椒黄整椒,克,500,1.7406,100,0.00348,,主料
10113,卤耳尖半成品,斤,103017,肉桂,克,500,0.2611,100,0.00052,,主料
10113,卤耳尖半成品,斤,103019,八角,克,500,0.3916,100,0.00078,,主料
10113,卤耳尖半成品,斤,104022,海皇餐饮大豆油,克,500,17.4064,100,0.03481,,主料
10113,卤耳尖半成品,斤,201012,家乐蚝油,克,500,5,100,0.01,,主料
10113,卤耳尖半成品,斤,201017,红油郫筒豆瓣酱,克,250,17.4064,100,0.06963,,主料
10113,卤耳尖半成品,斤,201119,玉和桂花料酒,ML,480,3.4813,100,0.00725,,主料
10113,卤耳尖半成品,斤,201123,海天生抽/4.9L,ML,4900,17.4064,100,0.00355,,主料
10113,卤耳尖半成品,斤,201136,龙牌酱油/5L,ML,5000,5.6571,100,0.00113,,主料
10113,卤耳尖半成品,斤,201176,食盐(400g),克,400,1.7406,100,0.00435,,主料
10113,卤耳尖半成品,斤,202063,去皮老姜,克,500,4.7868,100,0.00957,,主料
10113,卤耳尖半成品,斤,601112,28*40真空袋,个,1,0.6,100,0.6,,主料
10114,卤牛肉半成品,斤,601114,20*30真空袋,个,1,0.2,100,0.2,,主料
10114,卤牛肉半成品,斤,,牛健肉,克,500,833,100,1.666,,主料
10114,卤牛肉半成品,斤,10143,卤水半成品,克,500,400,100,0.8,,主料
10115,老排半成品,斤,106001,老排,克,500,581.95,100,1.1639,,主料
10115,老排半成品,斤,601112,28*40真空袋,个,1,0.5,100,0.5,,主料
10116,老母鸡半成品,斤,101006,老母鸡（去内脏）,克,500,746.95,100,1.4939,,主料
10116,老母鸡半成品,斤,601114,20*30真空袋,个,1,0.5,100,0.5,,主料
10117,当家肉半成品,斤,104022,海皇餐饮大豆油,克,500,5.4,100,0.0108,,主料
10117,当家肉半成品,斤,106009,带皮下五花,克,500,750,100,1.5,,主料
10117,当家肉半成品,斤,201012,家乐蚝油,克,500,4,100,0.008,,主料
10117,当家肉半成品,斤,201016,红辣椒粉,克,500,3.4,100,0.0068,,主料
10117,当家肉半成品,斤,201041,邵阳大曲,克,500,2.7,100,0.0054,,主料
10117,当家肉半成品,斤,201136,龙牌酱油/5L,克,500,2,100,0.004,,主料
10117,当家肉半成品,斤,201165,家乐鸡汁,克,500,2,100,0.004,,主料
10117,当家肉半成品,斤,201176,食盐(400g),克,500,2,100,0.004,,主料
10117,当家肉半成品,斤,601114,20*30真空袋,个,1,0.7,100,0.7,,主料
10118,排骨半成品,斤,103012,野山椒黄整椒,克,500,3.1983,100,0.0064,,主料
10118,排骨半成品,斤,103017,肉桂,克,500,4.2644,100,0.00853,,主料
10118,排骨半成品,斤,103019,八角,克,500,7.4627,100,0.01493,,主料
10118,排骨半成品,斤,104022,海皇餐饮大豆油,克,500,42.6439,100,0.08529,,主料
10118,排骨半成品,斤,106026,新鲜仔排,克,500,650,100,1.3,,主料
10118,排骨半成品,斤,201012,家乐蚝油,克,500,8.5288,100,0.01706,,主料
10118,排骨半成品,斤,201017,红油郫筒豆瓣酱,克,500,26.6525,100,0.05331,,主料
10118,排骨半成品,斤,201041,邵阳大曲,克,500,5.3305,100,0.01066,,主料
10118,排骨半成品,斤,201123,海天生抽/4.9L,克,500,19.1898,100,0.03838,,主料
10118,排骨半成品,斤,201136,龙牌酱油/5L,克,500,5,100,0.01,,主料
10118,排骨半成品,斤,202063,去皮老姜,克,500,12.7932,100,0.02559,,主料
10118,排骨半成品,斤,601112,28*40真空袋,个,1,0.7,100,0.7,,主料
10119,去皮下五花半成品,斤,102012,保鲜去皮下五花,克,500,520.95,100,1.0419,,主料
10119,去皮下五花半成品,斤,601114,20*30真空袋,个,1,0.7,100,0.7,,主料
10120,红烧牛腩半成品,斤,102039,冻牛腩,克,500,662.42,100,1.32484,,主料
10120,红烧牛腩半成品,斤,103012,野山椒黄整椒,克,500,2.5478,100,0.0051,,主料
10120,红烧牛腩半成品,斤,103017,肉桂,克,500,2.2293,100,0.00446,,主料
10120,红烧牛腩半成品,斤,103019,八角,克,500,1.9108,100,0.00382,,主料
10120,红烧牛腩半成品,斤,104022,海皇餐饮大豆油,克,500,63.6943,100,0.12739,,主料
10120,红烧牛腩半成品,斤,111086,去皮老姜半成品,克,500,10.1911,100,0.02038,,主料
10120,红烧牛腩半成品,斤,201012,家乐蚝油,克,500,15.9236,100,0.03185,,主料
10120,红烧牛腩半成品,斤,201017,红油郫筒豆瓣酱,克,500,25.4777,100,0.05096,,主料
10120,红烧牛腩半成品,斤,201041,邵阳大曲,克,500,6.3694,100,0.01274,,主料
10120,红烧牛腩半成品,斤,201123,海天生抽/4.9L,克,500,15.2866,100,0.03057,,主料
10120,红烧牛腩半成品,斤,201136,龙牌酱油/5L,克,500,7.0064,100,0.01401,,主料
10120,红烧牛腩半成品,斤,601112,28*40真空袋,个,1,0.7,100,0.7,,主料
10121,黑椒牛肉粒半成品,斤,111202,牛扒边角料半成品,克,500,685.5,100,1.371,,主料
10121,黑椒牛肉粒半成品,斤,601114,20*30真空袋,个,1,0.7,100,0.7,,主料
10122,孜然大排半成品,包,106026,新鲜仔排,克,500,827.7,100,1.6554,,主料
10122,孜然大排半成品,斤,10143,卤水半成品,克,500,300,100,0.6,,主料
10122,孜然大排半成品,包,601112,28*40真空袋,个,1,0.7,100,0.7,,主料
10123,干香鸡,包,102029,冻仔鸡,克,500,530,100,1.06,,主料
10123,干香鸡,斤,103012,野山椒黄整椒,克,500,1.9,100,0.0038,,主料
10123,干香鸡,斤,201201,美味源盐h鸡配料,克,500,125,100,0.25,,主料
10123,干香鸡,斤,201202,DAK黄姜粉,克,500,2.3,100,0.0046,,主料
10123,干香鸡,包,601112,28*40真空袋,个,1,0.7,100,0.7,,主料
10124,土鸡半成品,斤,101008,河南种鸡,克,500,560,100,1.12,,主料
10124,土鸡半成品,斤,601114,20*30真空袋,个,1,0.7,100,0.7,,主料
10125,怀鸭半成品,斤,101014,怀鸭（去内脏）,克,500,580,100,1.16,,主料
10125,怀鸭半成品,斤,601114,20*30真空袋,个,1,0.7,100,0.7,,主料
10126,鱿墨炖淮山半成品,斤,103036,舟山干鱿鱼,克,500,315,100,0.63,,主料
10126,鱿墨炖淮山半成品,斤,103066,干墨鱼,克,500,185,100,0.37,,主料
10126,鱿墨炖淮山半成品,斤,104022,海皇餐饮大豆油,克,500,30.57,100,0.06114,,主料
10126,鱿墨炖淮山半成品,斤,106006,去皮下五花,克,500,71.94,100,0.14388,,主料
10126,鱿墨炖淮山半成品,斤,201041,邵阳大曲,克,500,10.79,100,0.02158,,主料
10126,鱿墨炖淮山半成品,斤,201165,家乐鸡汁,克,500,8,100,0.016,,主料
10126,鱿墨炖淮山半成品,斤,201176,食盐(400g),克,500,3,100,0.006,,主料
10126,鱿墨炖淮山半成品,斤,202063,去皮老姜,克,500,12.94,100,0.02588,,主料
10126,鱿墨炖淮山半成品,斤,601112,28*40真空袋,个,1,0.7,100,0.7,,主料
10127,朝鲜菇半成品,斤,,馄饨汤半成品,克,500,50,100,0.1,,主料
10127,朝鲜菇半成品,斤,104022,海皇餐饮大豆油,克,500,41.6667,100,0.08333,,主料
10127,朝鲜菇半成品,斤,106006,去皮下五花,克,500,50,100,0.1,,主料
10127,朝鲜菇半成品,斤,107024,朝鲜菇,克,500,125,100,0.25,,主料
10127,朝鲜菇半成品,斤,201012,家乐蚝油,克,500,16.6667,100,0.03333,,主料
10127,朝鲜菇半成品,斤,201123,海天生抽/4.9L,克,500,20,100,0.04,,主料
10127,朝鲜菇半成品,斤,201165,家乐鸡汁,克,500,8.3333,100,0.01667,,主料
10127,朝鲜菇半成品,斤,202063,去皮老姜,克,500,28,100,0.056,,主料
10127,朝鲜菇半成品,斤,601112,28*40真空袋,个,1,0.7,100,0.7,,主料
10127,朝鲜菇半成品,斤,,馄饨汤半成品,克,500,100,100,0.2,,主料
10127,朝鲜菇半成品,斤,107023,黄金豆,克,500,490,100,0.98,,主料
10127,朝鲜菇半成品,斤,201165,家乐鸡汁,克,500,3,100,0.006,,主料
10127,朝鲜菇半成品,斤,201176,食盐(400g),克,500,1.3224,100,0.00264,,主料
10127,朝鲜菇半成品,斤,601114,20*30真空袋,个,1,0.7,100,0.7,,主料
10129,乡里猪脚半成品,斤,106015,乡里猪脚,克,500,581.3953,100,1.16279,,主料
10129,乡里猪脚半成品,斤,601114,20*30真空袋,个,1,0.7,100,0.7,,主料
10130,新鲜田螺半成品,包,107027,新鲜田螺半成品,克,500,715,91,1.57143,,主料
10130,新鲜田螺半成品,斤,601114,20*30真空袋,个,1,0.7,100,0.7,,主料
10131,刨盐鱼半成品,斤,103023,花椒粒,克,500,6.95,100,0.0139,,主料
10131,刨盐鱼半成品,斤,108005,大草鱼,克,500,909,100,1.818,,主料
10131,刨盐鱼半成品,斤,201016,红辣椒粉,克,500,122.5,100,0.245,,主料
10131,刨盐鱼半成品,斤,201176,食盐(400g),克,500,0.11,100,0.00022,,主料
10131,刨盐鱼半成品,斤,202063,去皮老姜,克,500,43.8,100,0.0876,,主料
10131,刨盐鱼半成品,份,601112,28*40真空袋,个,1,0.7,100,0.7,,主料
10133,藕丸半成品,斤,101001,鸡蛋,个,1,1,100,1,,主料
10133,藕丸半成品,斤,102010,冷鲜肥肉,克,500,100,100,0.2,,主料
10133,藕丸半成品,斤,104022,海皇餐饮大豆油,克,500,64.51,100,0.12902,,主料
10133,藕丸半成品,斤,111202,牛扒边角料半成品,克,500,100,66.7,0.29985,,主料
10133,藕丸半成品,斤,201176,食盐(400g),克,500,1,100,0.002,,主料
10133,藕丸半成品,斤,201009,风车牌生粉,克,500,3,100,0.006,,主料
10133,藕丸半成品,斤,201012,家乐蚝油,克,500,5,100,0.01,,主料
10133,藕丸半成品,斤,201018,胡椒粉,克,500,0.2,100,0.0004,,主料
10133,藕丸半成品,斤,201165,家乐鸡汁,克,500,3,100,0.006,,主料
10133,藕丸半成品,斤,202060,白莲藕,克,500,548.38,100,1.09676,,主料
10133,藕丸半成品,斤,601114,20*30真空袋,个,1,0.7,100,0.7,,主料
10134,意粉半成品,斤,110020,冠军牌实心意粉,克,500,220,100,0.44,,主料
10134,意粉半成品,斤,201176,食盐(400g),克,500,10,100,0.02,,主料
10134,意粉半成品,斤,201022,车轮牌黄油,克,500,20,100,0.04,,主料
10134,意粉半成品,斤,601112,28*40真空袋,个,1,0.7,100,0.7,,主料
10135,空心粉半成品,斤,201022,车轮牌黄油,克,500,20,100,0.04,,主料
10135,空心粉半成品,斤,,DAK空心粉,克,500,225,100,0.45,,主料
10135,空心粉半成品,斤,201176,食盐(400g),克,500,10,100,0.02,,主料
10135,空心粉半成品,斤,601112,28*40真空袋,个,1,0.7,100,0.7,,主料
10136,蝴蝶粉半成品,斤,110059,德科蝴蝶粉,克,500,253.7313,100,0.50746,,主料
10136,蝴蝶粉半成品,斤,201022,车轮牌黄油,克,500,20,100,0.04,,主料
10136,蝴蝶粉半成品,斤,201176,食盐(400g),克,500,10,100,0.02,,主料
10137,香肠半成品,斤,107005,唐人神红莲香肠,克,500,588.25,100,1.1765,,主料
10137,香肠半成品,斤,601112,28*40真空袋,个,1,0.7,100,0.7,,主料
10138,香肠碎半成品,斤,107005,唐人神红莲香肠,克,500,514.3,100,1.0286,,主料
10138,香肠碎半成品,斤,601114,20*30真空袋,个,1,0.7,100,0.7,,主料
10139,蒸腊肉半成品,斤,601114,20*30真空袋,个,1,0.7,100,0.7,,主料
10139,蒸腊肉半成品,斤,,土八戒腊肉,克,500,530,100,1.06,,主料
10140,卤豆皮半成品,斤,202147,豆皮,克,500,506.15,100,1.0123,,主料
10140,卤豆皮半成品,斤,601114,20*30真空袋,个,1,0.7,100,0.7,,主料
10141,特色凉面（面）,斤,104002,鸡蛋面,克,500,269.1867,100,0.53837,,主料
10141,特色凉面（面）,斤,104022,海皇餐饮大豆油,克,500,53.2646,100,0.10653,,主料
10141,特色凉面（面）,斤,601114,20*30真空袋,个,1,0.7,100,0.7,,主料
10143,卤水半成品,斤,103001,白芝麻,克,500,2,100,0.004,,主料
10143,卤水半成品,斤,103006,黄整干椒,克,500,20,100,0.04,,主料
10143,卤水半成品,斤,103017,肉桂,克,500,0.6,100,0.0012,,主料
10143,卤水半成品,斤,103019,八角,克,500,0.6,100,0.0012,,主料
10143,卤水半成品,斤,103023,花椒粒,克,500,3.8,100,0.0076,,主料
10143,卤水半成品,斤,103031,草果,克,500,10,100,0.02,,主料
10143,卤水半成品,斤,103033,白寇,克,500,10,100,0.02,,主料
10143,卤水半成品,斤,103055,香茅草,克,500,10,100,0.02,,主料
10143,卤水半成品,斤,103056,紫草,克,500,10,100,0.02,,主料
10143,卤水半成品,斤,104022,海皇餐饮大豆油,克,500,38.34,100,0.07668,,主料
10143,卤水半成品,斤,111292,花椒油半成品,,500,17.5,100,0.035,,主料
10143,卤水半成品,斤,201016,红辣椒粉,克,500,15,100,0.03,,主料
10143,卤水半成品,斤,201018,胡椒粉,克,500,9,100,0.018,,主料
10143,卤水半成品,斤,201020,四季宝花生酱,克,500,12.75,100,0.0255,,主料
10143,卤水半成品,斤,201075,王守义十三香,包,500,10,100,0.02,,主料
10143,卤水半成品,斤,201097,粤师傅五香粉,克,500,10,100,0.02,,主料
10143,卤水半成品,斤,201123,海天生抽/4.9L,ML,500,98,100,0.196,,主料
10143,卤水半成品,斤,201176,食盐(400g),克,500,8,100,0.016,,主料
10143,卤水半成品,斤,601114,20*30真空袋,个,1,0.7,100,0.7,,主料
10144,煲仔汁,斤,102010,冷鲜肥肉,克,500,10,100,0.02,,主料
10144,煲仔汁,斤,103006,黄整干椒,克,500,5,100,0.01,,主料
10144,煲仔汁,斤,103017,肉桂,克,500,5,100,0.01,,主料
10144,煲仔汁,斤,103019,八角,克,500,5,100,0.01,,主料
10144,煲仔汁,斤,103033,白寇,克,500,5,100,0.01,,主料
10144,煲仔汁,斤,103034,香叶,克,500,5,100,0.01,,主料
10144,煲仔汁,斤,103039,小茴香,克,500,5,100,0.01,,主料
10144,煲仔汁,斤,103056,紫草,克,500,2,100,0.004,,主料
10144,煲仔汁,斤,104022,海皇餐饮大豆油,克,500,5.58,100,0.01116,,主料
10144,煲仔汁,斤,111289,鸡鸭架骨,斤,1,0.0556,100,0.0556,,主料
10144,煲仔汁,斤,201002,白糖,克,500,5.5556,100,0.01111,,主料
10144,煲仔汁,斤,201012,家乐蚝油,克,500,6.6667,100,0.01333,,主料
10144,煲仔汁,斤,201123,海天生抽/4.9L,ML,500,25,100,0.05,,主料
10144,煲仔汁,斤,201130,亨氏茄膏,克,500,1.8444,100,0.00369,,主料
10144,煲仔汁,斤,,咖喱膏,克,500,15,100,0.03,,主料
10144,煲仔汁,斤,201136,龙牌酱油/5L,ML,500,20,100,0.04,,主料
10144,煲仔汁,斤,201146,加味士鱼露,ML,500,2.7778,100,0.00556,,主料
10144,煲仔汁,斤,201157,雀巢美极鲜味汁,ML,500,2.7778,100,0.00556,,主料
10144,煲仔汁,斤,202040,香葱,克,500,5.5556,100,0.01111,,主料
10144,煲仔汁,斤,202062,干蒜子,克,500,5.5556,100,0.01111,,主料
10144,煲仔汁,斤,202063,去皮老姜,克,500,11.1111,100,0.02222,,主料
10144,煲仔汁,斤,601114,20*30真空袋,个,1,0.7,100,0.7,,主料
10145,酱椒半成品,斤,100025,酱椒半半成品,克,500,500,100,1,,主料
10145,酱椒半成品,斤,104022,海皇餐饮大豆油,克,500,400,100,0.8,,主料
10145,酱椒半成品,斤,201002,白糖,克,500,5,100,0.01,,主料
10145,酱椒半成品,斤,,天马豆豉,克,500,5,100,0.01,,主料
10145,酱椒半成品,斤,201021,黄灯笼,克,500,13.2275,100,0.02646,,主料
10145,酱椒半成品,斤,201176,食盐(400g),克,500,5,100,0.01,,主料
10145,酱椒半成品,斤,202063,去皮老姜,克,500,25,100,0.05,,主料
10145,酱椒半成品,斤,601112,28*40真空袋,个,1,0.7,100,0.7,,主料
10146,猪油半成品,斤,102010,冷鲜肥肉,克,500,500,100,1,,主料
10146,猪油半成品,斤,104022,海皇餐饮大豆油,克,500,200,100,0.4,,主料
10146,猪油半成品,斤,601112,28*40真空袋,个,1,0.7,100,0.7,,主料
10147,白米粥,斤,104018,京升缘洞庭油粘米,克,500,50,100,0.1,,主料
10147,白米粥,斤,601114,20*30真空袋,个,1,0.7,100,0.7,,主料
10148,绿豆沙,斤,103022,绿豆,克,500,58.7445,100,0.11749,,主料
10148,绿豆沙,斤,201002,白糖,克,500,50,100,0.1,,主料
10148,绿豆沙,斤,601112,28*40真空袋,个,1,0.7,100,0.7,,主料
10149,黑米粥半成品,斤,104009,黑米,克,500,59.6591,100,0.11932,,主料
10149,黑米粥半成品,斤,201002,白糖,克,500,29.8295,100,0.05966,,主料
10149,黑米粥半成品,斤,601114,20*30真空袋,个,1,0.7,100,0.7,,主料
10150,馄炖汤半成品,斤,101006,老母鸡（去内脏）,克,500,9.6,100,0.0192,,主料
10150,馄炖汤半成品,斤,106001,老排,克,500,19.2,100,0.0384,,主料
10150,馄炖汤半成品,斤,106004,冷鲜筒子骨,克,500,11.52,100,0.02304,,主料
10150,馄炖汤半成品,斤,201165,家乐鸡汁,克,500,8.3333,100,0.01667,,主料
10150,馄炖汤半成品,斤,201176,食盐(400g),克,500,3.125,100,0.00625,,主料
10150,馄炖汤半成品,斤,202063,去皮老姜,克,500,9.6,100,0.0192,,主料
10150,馄炖汤半成品,包,601268,35*50真空袋,个,1,0.7,100,0.7,,主料
10151,馄炖配菜半成品,包,601114,20*30真空袋,个,1,0.7,100,0.7,,主料
10151,馄炖配菜半成品,斤,201176,食盐(400g),克,400,1,100,0.0025,,主料
10151,馄炖配菜半成品,斤,,凤尾酸菜半半成品,克,500,500,100,1,,主料
10151,馄炖配菜半成品,斤,201016,红辣椒粉,克,500,5,100,0.01,,主料
10151,馄炖配菜半成品,斤,201012,家乐蚝油,克,500,5,100,0.01,,主料
10151,馄炖配菜半成品,斤,104022,海皇餐饮大豆油,克,500,50,100,0.1,,主料
10152,臭豆腐半成品,包,204059,西施臭豆腐,片,20,22,100,1.1,,主料
10152,臭豆腐半成品,包,601114,20*30真空袋,个,1,0.7,100,0.7,,主料
10153,臭豆腐汁半成品,斤,104022,海皇餐饮大豆油,克,500,26.5487,100,0.0531,,主料
10153,臭豆腐汁半成品,斤,201016,红辣椒粉,克,500,20,100,0.04,,主料
10153,臭豆腐汁半成品,斤,201058,美味源金麦老抽,ML,500,20,100,0.04,,主料
10153,臭豆腐汁半成品,斤,201165,家乐鸡汁,克,500,3,100,0.006,,主料
10153,臭豆腐汁半成品,斤,201176,食盐(400g),克,500,1,100,0.002,,主料
10153,臭豆腐汁半成品,斤,202024,榨菜头,克,500,550,100,1.1,,主料
10153,臭豆腐汁半成品,斤,202062,干蒜子,克,500,530,100,1.06,,主料
10153,臭豆腐汁半成品,包,601114,20*30真空袋,个,1,0.7,100,0.7,,主料
10154,衡阳油豆腐,斤,202170,衡阳油豆腐,斤,500,515,100,1.03,,主料
10154,衡阳油豆腐,斤,601112,28*40真空袋,个,1,0.7,100,0.7,,主料
10155,粤式煲仔汁,斤,104022,海皇餐饮大豆油,克,500,37.5,100,0.075,,主料
10155,粤式煲仔汁,斤,201009,风车牌生粉,克,500,10,100,0.02,,主料
10155,粤式煲仔汁,斤,201014,甄想记黑椒碎,克,500,6.83,100,0.01366,,主料
10155,粤式煲仔汁,斤,201058,美味源金麦老抽,ML,500,15.75,100,0.0315,,主料
10155,粤式煲仔汁,斤,201123,海天生抽/4.9L,ML,500,245,100,0.49,,主料
10155,粤式煲仔汁,斤,201146,加味士鱼露,ML,500,15.38,100,0.03076,,主料
10155,粤式煲仔汁,斤,201157,雀巢美极鲜味汁,ML,500,20,100,0.04,,主料
10155,粤式煲仔汁,斤,202005,红萝卜,克,500,37.5,100,0.075,,主料
10155,粤式煲仔汁,斤,202006,红柿椒,克,500,25,100,0.05,,主料
10155,粤式煲仔汁,斤,202020,洋葱,克,500,30,100,0.06,,主料
10155,粤式煲仔汁,斤,202036,香菜,克,500,10,100,0.02,,主料
10155,粤式煲仔汁,斤,202040,香葱,克,500,20,100,0.04,,主料
10155,粤式煲仔汁,斤,202063,去皮老姜,克,500,12.5,100,0.025,,主料
10155,粤式煲仔汁,包,601114,20*30真空袋,个,1,0.7,100,0.7,,主料
10156,衡阳香干半成品,包,202175,衡阳香干,克,500,510,100,1.02,,主料
10156,衡阳香干半成品,包,601114,20*30真空袋,个,1,0.7,100,0.7,,主料
10157,辣味汁半成品,斤,104022,海皇餐饮大豆油,克,500,20.8333,100,0.04167,,主料
10157,辣味汁半成品,斤,201002,白糖,克,500,3.1579,100,0.00632,,主料
10157,辣味汁半成品,斤,201012,家乐蚝油,克,500,3.4211,100,0.00684,,主料
10157,辣味汁半成品,斤,201045,家乐鹰粟粉,克,500,24.9123,100,0.04982,,主料
10157,辣味汁半成品,斤,201161,辣妹子辣椒酱,克,500,24.2105,100,0.04842,,主料
10157,辣味汁半成品,斤,201165,家乐鸡汁,克,500,2,100,0.004,,主料
10157,辣味汁半成品,斤,201176,食盐(400g),克,500,2,100,0.004,,主料
10157,辣味汁半成品,斤,201190,家乐黄汁粉,克,500,5.7456,100,0.01149,,主料
10157,辣味汁半成品,斤,201195,家乐麻辣鲜露,ml,500,2.6316,100,0.00526,,主料
10157,辣味汁半成品,斤,202020,洋葱,克,500,8.0263,100,0.01605,,主料
10157,辣味汁半成品,斤,202062,干蒜子,克,500,6.5789,100,0.01316,,主料
10157,辣味汁半成品,斤,202080,小红尖椒,克,500,13.1579,100,0.02632,,主料
10157,辣味汁半成品,斤,202082,红朝天椒,克,500,26.3158,100,0.05263,,主料
10157,辣味汁半成品,斤,601112,28*40真空袋,个,1,0.7,100,0.7,,主料
10158,肉酱半成品,斤,103034,香叶,克,500,0.1186,100,0.00024,,主料
10158,肉酱半成品,斤,104022,海皇餐饮大豆油,克,500,18.7747,100,0.03755,,主料
10158,肉酱半成品,斤,111202,牛扒边角料半成品,克,500,530,100,1.06,,主料
10158,肉酱半成品,斤,201012,家乐蚝油,克,500,17.0356,100,0.03407,,主料
10158,肉酱半成品,斤,201104,DAK阿里根奴,克,500,0.1186,100,0.00024,,主料
10158,肉酱半成品,斤,201106,DAK百里香,克,500,0.1186,100,0.00024,,主料
10158,肉酱半成品,斤,201111,厅装家乐沙司,克,500,35.5731,100,0.07115,,主料
10158,肉酱半成品,斤,201123,海天生抽/4.9L,ML,500,29.4466,100,0.05889,,主料
10158,肉酱半成品,斤,201130,亨氏茄膏,克,500,35.5731,100,0.07115,,主料
10158,肉酱半成品,斤,201176,食盐(400g),克,500,2,100,0.004,,主料
10158,肉酱半成品,斤,202005,红萝卜,克,500,13.6474,100,0.02729,,主料
10158,肉酱半成品,斤,202020,洋葱,克,500,19.996,100,0.03999,,主料
10158,肉酱半成品,斤,202035,西芹,克,500,15.6126,100,0.03123,,主料
10158,肉酱半成品,斤,206035,张裕白兰地,ml,500,5.5336,100,0.01107,,主料
10158,肉酱半成品,斤,206038,长城干红,ml,500,2.5692,100,0.00514,,主料
10158,肉酱半成品,斤,601114,20*30真空袋,个,1,0.7,100,0.7,,主料
10159,蘑菇汁半成品,斤,201030,李锦记秘制红烧汁,ml,500,348.6842,100,0.69737,,主料
10159,蘑菇汁半成品,斤,201045,家乐鹰粟粉,克,500,25,100,0.05,,主料
10159,蘑菇汁半成品,斤,201115,盛记蘑菇,克,500,40,100,0.08,,主料
10159,蘑菇汁半成品,斤,202016,鲜香菇,克,500,25,100,0.05,,主料
10159,蘑菇汁半成品,斤,601114,20*30真空袋,个,1,0.7,100,0.7,,主料
10160,黑椒汁半成品,斤,104022,海皇餐饮大豆油,克,500,13.6559,100,0.02731,,主料
10160,黑椒汁半成品,斤,201014,甄想记黑椒碎,克,500,20,100,0.04,,主料
10160,黑椒汁半成品,斤,201020,四季宝花生酱,克,500,6.5806,100,0.01316,,主料
10160,黑椒汁半成品,斤,201030,李锦记秘制红烧汁,ml,500,10,100,0.02,,主料
10160,黑椒汁半成品,斤,201045,家乐鹰粟粉,克,500,12.0323,100,0.02406,,主料
10160,黑椒汁半成品,斤,201058,美味源金麦老抽,ML,500,4.0645,100,0.00813,,主料
10160,黑椒汁半成品,斤,201123,海天生抽/4.9L,ML,500,3.2366,100,0.00647,,主料
10160,黑椒汁半成品,斤,201130,亨氏茄膏,克,500,19.3548,100,0.03871,,主料
10160,黑椒汁半成品,斤,201190,家乐黄汁粉,克,500,10.3226,100,0.02065,,主料
10160,黑椒汁半成品,斤,202020,洋葱,克,500,20,100,0.04,,主料
10160,黑椒汁半成品,斤,202062,干蒜子,克,500,10,100,0.02,,主料
10160,黑椒汁半成品,斤,206035,张裕白兰地,ml,500,3,100,0.006,,主料
10160,黑椒汁半成品,斤,206038,长城干红,ml,500,3,100,0.006,,主料
10160,黑椒汁半成品,斤,601112,28*40真空袋,个,1,0.7,100,0.7,,主料
10161,烧烤汁半成品,斤,201002,白糖,克,500,25,100,0.05,,主料
10161,烧烤汁半成品,斤,201111,厅装家乐沙司,克,500,330.2752,100,0.66055,,主料
10161,烧烤汁半成品,斤,201176,食盐(400g),克,500,2.3394,100,0.00468,,主料
10161,烧烤汁半成品,斤,202005,红萝卜,克,500,28.211,100,0.05642,,主料
10161,烧烤汁半成品,斤,601114,20*30真空袋,个,1,0.7,100,0.7,,主料
10162,金牛秘制酱,斤,103004,花生米,克,500,50,100,0.1,,主料
10162,金牛秘制酱,斤,104022,海皇餐饮大豆油,克,500,100,100,0.2,,主料
10162,金牛秘制酱,斤,201107,DAK迷迭香,克,500,1.25,100,0.0025,,主料
10162,金牛秘制酱,斤,201205,家乐珍味海真酱,克,500,24.8,100,0.0496,,主料
10162,金牛秘制酱,斤,202028,小白菜,克,500,12.5,100,0.025,,主料
10162,金牛秘制酱,斤,202058,剥皮洋葱,克,500,62.5,100,0.125,,主料
10162,金牛秘制酱,斤,202062,干蒜子,克,500,50,100,0.1,,主料
10162,金牛秘制酱,斤,202063,去皮老姜,克,500,25,100,0.05,,主料
10162,金牛秘制酱,斤,202167,香茅,克,500,20,100,0.04,,主料
10162,金牛秘制酱,斤,202173,金不换,克,500,12.5,100,0.025,,主料
10162,金牛秘制酱,斤,205137,丘比沙拉汁（焙煎芝麻）,ml,500,30,100,0.06,,主料
10162,金牛秘制酱,包,601114,20*30真空袋,个,1,0.7,100,0.7,,主料
10163,罗勒蛋黄酱,斤,104022,海皇餐饮大豆油,克,500,60,100,0.12,,主料
10163,罗勒蛋黄酱,斤,201176,食盐(400g),克,500,1.6,100,0.0032,,主料
10163,罗勒蛋黄酱,斤,202020,洋葱,克,500,80,100,0.16,,主料
10163,罗勒蛋黄酱,斤,202062,干蒜子,克,500,40,100,0.08,,主料
10163,罗勒蛋黄酱,斤,202063,去皮老姜,克,500,12,100,0.024,,主料
10163,罗勒蛋黄酱,斤,202172,罗勒叶,克,500,40,100,0.08,,主料
10163,罗勒蛋黄酱,斤,206035,张裕白兰地,ml,500,60,100,0.12,,主料
10163,罗勒蛋黄酱,斤,610558,15*21真空袋,个,1,0.7,100,0.7,,主料
10164,普罗旺斯酱,斤,101006,老母鸡（去内脏）,克,500,35,100,0.07,,主料
10164,普罗旺斯酱,斤,104022,海皇餐饮大豆油,克,500,43.9024,100,0.0878,,主料
10164,普罗旺斯酱,斤,106001,老排,克,500,70,100,0.14,,主料
10164,普罗旺斯酱,斤,106004,冷鲜筒子骨,克,500,42,100,0.084,,主料
10164,普罗旺斯酱,斤,110062,宝丽青酱(紫苏酱),,500,23.9512,100,0.0479,,主料
10164,普罗旺斯酱,斤,201022,车轮牌黄油,克,500,6.0976,100,0.0122,,主料
10164,普罗旺斯酱,斤,201176,食盐(400g),克,500,2.6829,100,0.00537,,主料
10164,普罗旺斯酱,斤,201178,雀巢多功能番茄酱,克,500,292.6829,100,0.58537,,主料
10164,普罗旺斯酱,斤,202020,洋葱,克,500,36.3415,100,0.07268,,主料
10164,普罗旺斯酱,斤,202062,干蒜子,克,500,24.3902,100,0.04878,,主料
10164,普罗旺斯酱,斤,202063,去皮老姜,克,500,35,100,0.07,,主料
10164,普罗旺斯酱,斤,601114,20*30真空袋,个,1,0.7,100,0.7,,主料
10167,梅干菜半成品,斤,601114,20*30真空袋,个,1,0.7,100,0.7,,主料
10167,梅干菜半成品,斤,201176,食盐(400g),克,400,1,100,0.0025,,主料
10167,梅干菜半成品,斤,,梅干菜,克,500,300,100,0.6,,主料
10167,梅干菜半成品,斤,201016,红辣椒粉,克,500,5,100,0.01,,主料
10167,梅干菜半成品,斤,201012,家乐蚝油,克,500,5,100,0.01,,主料
10167,梅干菜半成品,斤,104022,海皇餐饮大豆油,克,500,50,100,0.1,,主料
10168,手撕鱿鱼半成品,份,103017,肉桂,克,500,6,100,0.012,,主料
10168,手撕鱿鱼半成品,份,103019,八角,克,500,8,100,0.016,,主料
10168,手撕鱿鱼半成品,份,103036,舟山干鱿鱼,克,500,158.8,100,0.3176,,主料
10168,手撕鱿鱼半成品,份,111290,红油半成品,克,500,70,100,0.14,,主料
10168,手撕鱿鱼半成品,份,201011,冠生园蜂蜜,克,500,4,100,0.008,,主料
10168,手撕鱿鱼半成品,份,201012,家乐蚝油,克,500,39,100,0.078,,主料
10168,手撕鱿鱼半成品,份,201018,胡椒粉,克,500,4,100,0.008,,主料
10168,手撕鱿鱼半成品,份,201020,四季宝花生酱,克,500,20,100,0.04,,主料
10168,手撕鱿鱼半成品,份,201068,美味源海鲜酱,克,500,38,100,0.076,,主料
10168,手撕鱿鱼半成品,份,201075,王守义十三香,克,500,4,100,0.008,,主料
10168,手撕鱿鱼半成品,份,201083,通顺芝麻调和酱,克,500,14,100,0.028,,主料
10168,手撕鱿鱼半成品,份,201112,越水花雕酒,克,500,48,100,0.096,,主料
10168,手撕鱿鱼半成品,份,201176,食盐(400g),克,500,11,100,0.022,,主料
10168,手撕鱿鱼半成品,份,202036,香菜,克,500,80,100,0.16,,主料
10168,手撕鱿鱼半成品,份,202040,香葱,克,500,40,100,0.08,,主料
10168,手撕鱿鱼半成品,份,202058,剥皮洋葱,克,500,40,100,0.08,,主料
10168,手撕鱿鱼半成品,份,202062,干蒜子,克,500,80,100,0.16,,主料
10168,手撕鱿鱼半成品,份,202063,去皮老姜,克,500,80,100,0.16,,主料
10168,手撕鱿鱼半成品,份,601112,28*40真空袋,个,500,0.2,100,0.0004,,主料
10169,特色萝卜皮半成品,份,103006,黄整干椒,克,500,0.8,100,0.0016,,主料
10169,特色萝卜皮半成品,份,201002,白糖,克,500,33.3,100,0.0666,,主料
10169,特色萝卜皮半成品,份,201123,海天生抽/4.9L,ML,500,0.6,100,0.0012,,主料
10169,特色萝卜皮半成品,份,201136,龙牌酱油/5L,ML,500,0.3,100,0.0006,,主料
10169,特色萝卜皮半成品,份,201147,雀巢美极味汁（大）,ML,500,3.6,100,0.0072,,主料
10169,特色萝卜皮半成品,份,201153,陈醋,克,500,15.6,100,0.0312,,主料
10169,特色萝卜皮半成品,份,201176,食盐(400g),克,500,39.1,100,0.0782,,主料
10169,特色萝卜皮半成品,份,201191,家乐蒸鱼豉油,克,500,1.6,100,0.0032,,主料
10169,特色萝卜皮半成品,份,201194,粤师傅大红浙醋,ml,500,1.6,100,0.0032,,主料
10169,特色萝卜皮半成品,份,202002,白萝卜,克,500,713.5,100,1.427,,主料
10169,特色萝卜皮半成品,份,202062,干蒜子,克,500,7,100,0.014,,主料
10169,特色萝卜皮半成品,份,202082,红朝天椒,克,500,4.2,100,0.0084,,主料
10169,特色萝卜皮半成品,份,601114,20*30真空袋,个,1,0.2,100,0.2,,主料
110058,DAK空心粉,斤,110058,DAK空心粉,,500,220,100,0.44,,主料
110058,DAK空心粉,斤,201022,车轮牌黄油,克,500,3.1701,100,0.00634,,主料
110058,DAK空心粉,斤,201176,食盐(400g),克,500,2,100,0.004,,主料
110058,DAK空心粉,包,601112,28*40真空袋,个,1,0.7,100,0.7,,主料
90020,自制香辣酱,斤,103070,干红辣椒面,克,500,50,100,0.1,,主料
90020,自制香辣酱,斤,104022,海皇餐饮大豆油,克,500,66.65,100,0.1333,,主料
90020,自制香辣酱,斤,201012,家乐蚝油,克,500,6,100,0.012,,主料
90020,自制香辣酱,斤,201123,海天生抽/4.9L,ML,500,9,100,0.018,,主料
90020,自制香辣酱,斤,201165,家乐鸡汁,克,500,8.3,100,0.0166,,主料
90020,自制香辣酱,斤,201168,家乐鲜露汁,ml,500,13.32,100,0.02664,,主料
90020,自制香辣酱,斤,201176,食盐(400g),克,500,10,100,0.02,,主料
90020,自制香辣酱,斤,202062,干蒜子,克,500,8.35,100,0.0167,,主料
90020,自制香辣酱,斤,202063,去皮老姜,克,500,8.35,100,0.0167,,主料
90020,自制香辣酱,包,601114,20*30真空袋,个,1,0.7,100,0.7,,主料
90071,烧汁半成品,斤,103034,香叶,克,500,0.0667,100,0.00013,,主料
90071,烧汁半成品,斤,104022,海皇餐饮大豆油,克,500,25,100,0.05,,主料
90071,烧汁半成品,斤,111032,红萝卜丁半成品,克,500,20,100,0.04,,主料
90071,烧汁半成品,斤,111123,洋葱半成品,克,500,20.3333,76.72,0.05301,,主料
90071,烧汁半成品,斤,111202,牛扒边角料半成品,克,500,530,100,1.06,,主料
90071,烧汁半成品,斤,201014,甄想记黑椒碎,克,500,0.0667,100,0.00013,,主料
90071,烧汁半成品,斤,201104,DAK阿里根奴,克,500,0.667,100,0.00133,,主料
90071,烧汁半成品,斤,201106,DAK百里香,克,500,0.0667,100,0.00013,,主料
90071,烧汁半成品,斤,201130,亨氏茄膏,克,500,40,100,0.08,,主料
90071,烧汁半成品,斤,202035,西芹,克,500,19.3333,100,0.03867,,主料
90071,烧汁半成品,斤,206035,张裕白兰地,ml,500,2.9333,100,0.00587,,主料
90071,烧汁半成品,斤,206038,长城干红,ml,500,1.4667,100,0.00293,,主料
90072,芋头仔半成品,斤,102007,山大王冻芋头,克,500,500,100,1,,主料
90073,高汤半成品,斤,101006,老母鸡（去内脏）,克,500,10,100,0.02,,主料
90073,高汤半成品,斤,201165,家乐鸡汁,克,500,0.2,100,0.0004,,主料
90073,高汤半成品,斤,201176,食盐(400g),克,500,1,100,0.002,,主料
90073,高汤半成品,斤,106001,老排,克,500,20,100,0.04,,主料
90073,高汤半成品,斤,106004,冷鲜筒子骨,克,500,12,100,0.024,,主料
90073,高汤半成品,斤,202063,去皮老姜,克,500,10,100,0.02,,主料
90073,高汤半成品,斤,,50*35真空袋,个,1,0.7,100,0.7,,主料
90074,天荣-无骨辣鸡腿,斤,107030,天容-无骨腊鸡腿,克,500,500,100,1,,主料
90074,天荣-无骨辣鸡腿,斤,601114,20*30真空袋,个,1,0.7,100,0.7,,主料
90076,自制桑巴酱,斤,103071,金勾,克,500,4.5,100,0.009,,主料
90076,自制桑巴酱,斤,109012,国产柠檬,个,500,0.11,100,0.00022,,主料
90076,自制桑巴酱,斤,111028,干蒜子半成品,克,500,22.7,100,0.0454,,主料
90076,自制桑巴酱,斤,111086,去皮老姜半成品,克,500,22.7,100,0.0454,,主料
90076,自制桑巴酱,斤,111119,小红尖椒半成品,克,500,22.7,83,0.0547,,主料
90076,自制桑巴酱,斤,111123,洋葱半成品,克,500,45,76.72,0.11731,,主料
90076,自制桑巴酱,斤,,新鲜香茅,克,500,10,100,0.02,,主料
90076,自制桑巴酱,斤,111290,红油半成品,克,500,250,100,0.5,,主料
90076,自制桑巴酱,斤,201012,家乐蚝油,克,500,14.5,100,0.029,,主料
90076,自制桑巴酱,斤,201058,美味源金麦老抽,ML,500,6.3,100,0.0126,,主料
90076,自制桑巴酱,斤,201133,李锦记幼滑虾酱,克,500,23.6,100,0.0472,,主料
90076,自制桑巴酱,斤,201146,加味士鱼露,ML,500,41.8,100,0.0836,,主料
90076,自制桑巴酱,斤,201165,家乐鸡汁,克,500,5.7,100,0.0114,,主料
90076,自制桑巴酱,斤,201176,食盐(400g),克,500,2.9,100,0.0058,,主料
90076,自制桑巴酱,斤,202168,南姜,克,500,22.7,100,0.0454,,主料
90076,自制桑巴酱,斤,601114,20*30真空袋,个,1,0.7,100,0.7,,主料
1505,清汤半成品,斤,103006,黄整干椒,克,500,5,100,0.01,,主料
1505,清汤半成品,斤,106004,冷鲜筒子骨,克,500,133.35,100,0.2667,,主料
1506,花椒油半成品,斤,103006,黄整干椒,克,500,33.1,100,0.0662,,主料
1506,花椒油半成品,斤,103023,花椒粒,克,500,66.25,100,0.1325,,主料
1506,花椒油半成品,斤,104022,海皇餐饮大豆油,克,500,553,100,1.106,,主料
10101,花猪肉半成品,斤,106011,花猪皮腿肉,克,500,525,100,1.05,,主料
10101,花猪肉半成品,斤,601112,28*40真空袋,个,1,0.7,100,0.7,,主料
10102,肉片半成品,斤,106010,精腿肉,克,500,526,100,1.052,,主料
10102,肉片半成品,斤,601112,28*40真空袋,个,1,0.7,100,0.7,,主料
10103,带皮下五花半成品,斤,106009,带皮下五花,克,500,553.8,100,1.1076,,主料
10103,带皮下五花半成品,斤,601112,28*40真空袋,个,1,0.7,100,0.7,,主料
10104,肉沫半成品,斤,106010,精腿肉,克,500,529.4,100,1.0588,,主料
10104,肉沫半成品,斤,601114,20*30真空袋,个,1,0.7,100,0.7,,主料
10105,香辣红汤半成品,斤,601114,20*30真空袋,个,1,0.7,100,0.7,,主料
10105,香辣红汤半成品,斤,111086,去皮老姜半成品,,500,50,100,0.1,,主料
10105,香辣红汤半成品,斤,111028,大蒜子半成品,,500,50,100,0.1,,主料
10105,香辣红汤半成品,斤,201165,家乐鸡汁,,1000,30,100,0.03,,主料
10105,香辣红汤半成品,斤,201167,家乐厨师浓汤,,800,10,100,0.0125,,主料
10105,香辣红汤半成品,斤,111290,红油半成品,,500,100,100,0.2,,主料
10105,香辣红汤半成品,斤,201218,家乐香辣红汤酱调味料,,930,50,100,0.05376,,主料
10105,香辣红汤半成品,斤,111288,高汤半成品,,500,1500,100,3,,主料
10105,香辣红汤半成品,斤,201161,辣妹子辣椒酱,,920,50,100,0.05435,,主料
10105,香辣红汤半成品,斤,201017,红油郫筒豆瓣酱,,250,100,100,0.4,,主料
10105,香辣红汤半成品,斤,201018,胡椒粉,,500,1,100,0.002,,主料
10105,香辣红汤半成品,斤,,黄整干椒,,500,5,100,0.01,,主料
10105,香辣红汤半成品,斤,201016,红辣椒粉,,500,20,100,0.04,,主料
10106,水煮汉虾半成品,包,102045,水煮汉虾,,1000,543.48,100,0.54348,,主料
10106,水煮汉虾半成品,包,201176,食盐,,400,1,100,0.0025,,主料
10106,水煮汉虾半成品,包,101001,鸡蛋,,1,0.5,100,0.5,,主料
10106,水煮汉虾半成品,包,201009,风车牌生粉,,500,2,100,0.004,,主料
10106,水煮汉虾半成品,包,610558,15*21真空袋,个,1,0.7,100,0.7,,主料
10107,蒜蓉酱半成品,包,111101,蒜米半成品,,500,200,100,0.4,,主料
10107,蒜蓉酱半成品,包,201176,食盐（400）,,400,2,100,0.005,,主料
10107,蒜蓉酱半成品,包,201165,家乐鸡汁,,1000,10,100,0.01,,主料
10107,蒜蓉酱半成品,包,104022,海皇餐饮大豆油,,500,300,100,0.6,,主料
10107,蒜蓉酱半成品,包,601114,20*30真空袋,个,1,0.7,100,0.7,,主料
10108,海鲜汁半成品,包,111288,高汤半成品,,500,400,100,0.8,,主料
10108,海鲜汁半成品,包,201191,家乐蒸鱼油,,500,100,100,0.2,,主料
10108,海鲜汁半成品,包,201002,白糖,,500,2,100,0.004,,主料
10108,海鲜汁半成品,包,601114,20*30真空袋,个,1,0.7,100,0.7,,主料
10109,肥牛半成品,包,102046,肥牛片,,500,540,100,1.08,,主料
10109,肥牛半成品,包,601112,28*40真空袋,个,1,0.7,100,0.7,,主料
10110,香肠拼盘半成品,包,204088,德式香肠25g,,600,50,100,0.08333,,主料
10110,香肠拼盘半成品,包,204089,德式香肠30g,,1000,60,100,0.06,,主料
10110,香肠拼盘半成品,包,204090,德式香肠50g,,1000,100,100,0.1,,主料
10110,香肠拼盘半成品,包,601112,28*40真空袋,个,1,0.7,100,0.7,,主料
10111,虎皮参,斤,108021,虎皮参,,500,100,100,0.2,,主料
10111,虎皮参,斤,,小号无色打包袋,个,1,0.7,100,0.7,,主料
10112,明卢鱿鱼须,包,102047,明卢鱿鱼须,,500,128.21,100,0.25642,,主料
10113,小鱼头,斤,,小鱼头,个,500,500,100,1,,主料
10114,牛蛙,斤,,牛蛙,个,500,500,100,1,,主料
10114,牛蛙,斤,,小号无色打包袋,个,1,0.7,100,0.7,,主料
10115,嫩子鱼,斤,,嫩子鱼,个,500,500,100,1,,主料
10115,嫩子鱼,斤,,小号无色打包袋,个,1,0.7,100,0.7,,主料
10170,泡菜,斤,201002,白糖,克,500,41.5,100,0.083,,主料
10170,泡菜,斤,201052,宏斌小米椒,克,1000,96.3,100,0.0963,,主料
10170,泡菜,斤,201141,玉和桂花白醋/4.5L,ML,4500,80.1,100,0.0178,,主料
10170,泡菜,斤,201176,食盐(400g),克,400,88.88,100,0.2222,,主料
10170,泡菜,斤,202002,白萝卜,克,500,802.95,100,1.6059,,主料
10170,泡菜,斤,202005,红萝卜,克,500,51.85,100,0.1037,,主料
10170,泡菜,斤,202035,西芹,克,500,51.85,100,0.1037,,主料
10170,泡菜,斤,202082,红朝天椒,克,500,12,100,0.024,,主料
10171,爽口小云耳,包,103052,东北黑山小木耳1.3,克,500,220,100,0.44,,主料
10171,爽口小云耳,包,201002,白糖,克,500,45.45,100,0.0909,,主料
10171,爽口小云耳,包,201123,海天生抽/4.9L,ML,4900,140.14,100,0.0286,,主料
10171,爽口小云耳,包,201136,龙牌酱油/5L,ML,5000,18,100,0.0036,,主料
10171,爽口小云耳,包,111291,清汤,克,500,181.81,100,0.36362,,主料
10171,爽口小云耳,包,201153,陈醋,克,500,136.82,100,0.27364,,主料
10171,爽口小云耳,包,601114,20*30真空袋,个,1,1,100,1,,主料
10171,爽口小云耳,包,201176,食盐(400g),克,400,36,100,0.09,,主料
10171,爽口小云耳,包,601112,28*40真空袋,个,1,1,100,1,,主料
10172,木瓜炖雪蛤半成品,包,102027,雪蛤,克,500,2.95,100,0.0059,,主料
10172,木瓜炖雪蛤半成品,包,610558,15*21真空袋,个,1,1,100,1,,主料
10173,特色凉面（汁）,斤,103001,白芝麻,克,500,0.8,100,0.0016,,主料
10173,特色凉面（汁）,斤,103017,肉桂,克,500,2.4,100,0.0048,,主料
10173,特色凉面（汁）,斤,103019,八角,克,500,2.4,100,0.0048,,主料
10173,特色凉面（汁）,斤,103023,花椒粒,克,500,1.2,100,0.0024,,主料
10173,特色凉面（汁）,斤,103030,丁香,克,500,0.16,100,0.00032,,主料
10173,特色凉面（汁）,斤,103031,草果,克,500,0.8,100,0.0016,,主料
10173,特色凉面（汁）,斤,103033,白寇,克,500,0.4,100,0.0008,,主料
10173,特色凉面（汁）,斤,103034,香叶,克,500,0.24,100,0.00048,,主料
10173,特色凉面（汁）,斤,103039,小茴香,克,500,0.16,100,0.00032,,主料
10173,特色凉面（汁）,斤,103055,香茅草,克,500,0.4,100,0.0008,,主料
10173,特色凉面（汁）,斤,103056,紫草,克,500,0.4,100,0.0008,,主料
10173,特色凉面（汁）,斤,104022,海皇餐饮大豆油,克,500,203,100,0.406,,主料
10173,特色凉面（汁）,斤,111290,红油半成品,克,500,102.2,100,0.2044,,主料
10173,特色凉面（汁）,,201034,义丰祥麻油,ml,380,5,100,0.01316,,主料
10173,特色凉面（汁）,斤,111196,辣椒油半成品,克,500,100,100,0.2,,主料
10173,特色凉面（汁）,斤,111291,清汤半成品,克,500,90.9,100,0.1818,,主料
10173,特色凉面（汁）,斤,201002,白糖,克,500,14.75,100,0.0295,,主料
10173,特色凉面（汁）,斤,201016,红辣椒粉,克,500,37.5,100,0.075,,主料
10173,特色凉面（汁）,斤,201018,胡椒粉,克,500,0.18,100,0.00036,,主料
10173,特色凉面（汁）,斤,201097,粤师傅五香粉,克,454,0.17,100,0.00037,,主料
10173,特色凉面（汁）,斤,201123,海天生抽/4.9L,ML,4900,89.18,100,0.0182,,主料
10173,特色凉面（汁）,斤,201136,龙牌酱油/5L,ML,5000,9,100,0.0018,,主料
10173,特色凉面（汁）,斤,201153,陈醋,克,500,68.33,100,0.13666,,主料
10173,特色凉面（汁）,斤,201170,DAK孜然粉,克,440,0.37,100,0.00084,,主料
10173,特色凉面（汁）,斤,201176,食盐(400g),克,400,15.53,100,0.03883,,主料
10173,特色凉面（汁）,斤,202035,西芹,克,500,1.89,100,0.00378,,主料
10173,特色凉面（汁）,斤,202058,剥皮洋葱,克,500,1.89,100,0.00378,,主料
10173,特色凉面（汁）,斤,202062,干蒜子,克,500,40.54,100,0.08108,,主料
10173,特色凉面（汁）,斤,202063,去皮老姜,克,500,1.89,100,0.00378,,主料
10173,特色凉面（汁）,斤,202082,红朝天椒,克,500,36.35,100,0.0727,,主料
10173,特色凉面（汁）,斤,601114,20*30真空袋,个,1,2,100,2,,主料
10174,牛肉汁半成品,斤,111196,辣椒油半成品,克,500,115,100,0.23,,主料
10174,牛肉汁半成品,斤,111290,红油半成品,克,500,200,100,0.4,,主料
10174,牛肉汁半成品,斤,201020,四季宝花生酱,克,510,12.495,100,0.0245,,主料
10174,牛肉汁半成品,斤,201123,海天生抽/4.9L,ML,4900,98,100,0.02,,主料
10174,牛肉汁半成品,斤,202062,干蒜子,克,500,62.5,100,0.125,,主料
10174,牛肉汁半成品,斤,202082,红朝天椒,克,500,45,100,0.09,,主料
10174,牛肉汁半成品,斤,601114,20*30真空袋,个,1,1,100,1,,主料
10175,酱油炒饭半成品,斤,201136,龙牌酱油/5L,ML,5000,250,100,0.05,,主料
10175,酱油炒饭半成品,斤,201164,一品鲜香菇酱油,ml,500,250,100,0.5,,主料
10175,酱油炒饭半成品,斤,601114,20*30真空袋,个,1,1,100,1,,主料
10176,卤豆皮汁半成品,包,201034,义丰祥麻油,ml,380,31.65,100,0.08329,,主料
10176,卤豆皮汁半成品,包,201147,雀巢美极味汁（大）,ML,800,111.12,100,0.1389,,主料
10176,卤豆皮汁半成品,包,111290,红油半成品,克,500,361,100,0.722,,主料
10176,卤豆皮汁半成品,包,202062,干蒜子,克,500,33.35,100,0.0667,,主料
10176,卤豆皮汁半成品,包,601114,20*30真空袋,个,1,1,100,1,,主料
10177,肉松豆皮腐汁半成品,斤,201002,白糖,克,500,14.3,100,0.0286,,主料
10177,肉松豆皮腐汁半成品,斤,201123,海天生抽/4.9L,ML,4900,181.79,100,0.0371,,主料
10177,肉松豆皮腐汁半成品,斤,201164,一品鲜香菇酱油,ml,500,171.45,100,0.3429,,主料
10177,肉松豆皮腐汁半成品,斤,201168,家乐鲜露汁,ml,400,85.72,100,0.2143,,主料
10177,肉松豆皮腐汁半成品,斤,111290,红油半成品,克,500,57.14,100,0.11428,,主料
10177,肉松豆皮腐汁半成品,斤,201191,家乐蒸鱼豉油,克,2350,26.79,100,0.0114,,主料
10177,肉松豆皮腐汁半成品,,601114,20*30真空袋,个,1,1,100,1,,主料
10177,肉松豆皮腐汁半成品,斤,610558,15*21真空袋,个,1,2,100,2,,主料
10178,馄炖肉馅半成品,斤,101001,鸡蛋,个,1,1,100,1,,主料
10178,馄炖肉馅半成品,斤,111293,猪肉馅,克,500,227.72,100,0.45544,,主料
10178,馄炖肉馅半成品,斤,201018,胡椒粉,克,500,2.7273,100,0.00545,,主料
10178,馄炖肉馅半成品,斤,601114,20*30真空袋,个,1,1,100,1,,主料
10179,酸包菜半成品,斤,103023,花椒粒,克,500,1.45,100,0.0029,,主料
10179,酸包菜半成品,斤,201002,白糖,克,500,39.75,100,0.0795,,主料
10179,酸包菜半成品,斤,201041,邵阳大曲,ML,500,2.5,100,0.005,,主料
10179,酸包菜半成品,斤,201052,宏斌小米椒,克,1000,42.9,100,0.0429,,主料
10179,酸包菜半成品,斤,201141,玉和桂花白醋/4.5L,ML,4500,72.45,100,0.0161,,主料
10179,酸包菜半成品,斤,201176,食盐(400g),克,400,33.04,100,0.0826,,主料
10179,酸包菜半成品,斤,202027,包菜,克,500,716.05,100,1.4321,,主料
10179,酸包菜半成品,斤,202063,去皮老姜,克,500,28.55,100,0.0571,,主料
10179,酸包菜半成品,斤,202082,红朝天椒,克,500,21.45,100,0.0429,,主料
10179,酸包菜半成品,斤,203002,甘草,克,500,1.6,100,0.0032,,主料
10179,酸包菜半成品,斤,601112,28*40真空袋,个,1,0.25,100,0.25,,主料
10180,韩国泡菜,包,103070,干红辣椒面,,500,5.8,100,0.0116,,主料
10180,韩国泡菜,包,109023,苹果（富士）,克,500,43.5,76.88,0.11316,,主料
10180,韩国泡菜,包,109028,雪梨,克,500,43.5,67.25,0.12937,,主料
10180,韩国泡菜,包,201002,白糖,克,500,38.05,100,0.0761,,主料
10180,韩国泡菜,包,201038,秋菊糯米粉,克,400,8.68,100,0.0217,,主料
10180,韩国泡菜,包,201197,韩国辣素,ml,1800,104.4,100,0.058,,主料
10180,韩国泡菜,包,201198,粗盐,克,500,56.15,100,0.1123,,主料
10180,韩国泡菜,包,202043,韭菜,克,500,7.3,100,0.0146,,主料
10180,韩国泡菜,包,202062,干蒜子,克,500,5.8,100,0.0116,,主料
10180,韩国泡菜,包,202063,去皮老姜,克,500,5.8,100,0.0116,,主料
10180,韩国泡菜,包,202169,高山娃娃菜,,1,0.92,100,0.92,,主料
10180,韩国泡菜,包,601114,20*30真空袋,个,1,1,100,1,,主料
10181,德国酸菜,包,201179,巴斯黑醋（1叶）,ml,5000,3.5,100,0.0007,,主料
10181,德国酸菜,包,202164,冠利德国酸菜,克,9700,170,100,0.01753,,主料
10181,德国酸菜,包,610558,15*21真空袋,个,1,1,100,1,,主料
10182,肉松半成品,包,201199,三洋顶香肉松,克,500,50,100,0.1,,主料
10182,肉松半成品,包,610558,15*21真空袋,个,1,1,100,1,,主料
10183,辣椒油半成品,斤,104022,海皇餐饮大豆油,克,500,421.05,100,0.8421,,主料
10183,辣椒油半成品,斤,201016,红辣椒粉,克,500,94.75,100,0.1895,,主料
10183,辣椒油半成品,斤,201018,胡椒粉,克,500,1.05,100,0.0021,,主料
10183,辣椒油半成品,斤,201075,王守义十三香,克,40,1.27,100,0.03175,,主料
10183,辣椒油半成品,斤,201097,粤师傅五香粉,克,454,0.95,100,0.00209,,主料
10183,辣椒油半成品,斤,201170,DAK孜然粉,克,440,2.11,100,0.0048,,主料
10183,辣椒油半成品,斤,201176,食盐(400g),克,400,10.52,100,0.0263,,主料
10183,辣椒油半成品,斤,202035,西芹,克,500,10.55,100,0.0211,,主料
10183,辣椒油半成品,斤,202058,剥皮洋葱,克,500,10.55,100,0.0211,,主料
10183,辣椒油半成品,斤,202062,干蒜子,克,500,10.55,100,0.0211,,主料
10183,辣椒油半成品,斤,202063,去皮老姜,克,500,10.55,100,0.0211,,主料
10183,辣椒油半成品,斤,601114,20*30真空袋,个,1,1,100,1,,主料
90018,三文治火腿,斤,102020,三文治火腿,克,500,500,100,1,,主料
90018,三文治火腿,斤,601114,20*30真空袋,个,1,1,100,1,,主料
90019,德式香肠,包,110065,荷美尔德式图林根香肠,克,500,100,100,0.2,,主料
90019,德式香肠,包,110066,荷美尔棒约翰图林根香肠,克,500,95,100,0.19,,主料
90019,德式香肠,包,110067,荷美尔德式纽伦堡香肠,克,500,89,100,0.178,,主料
90019,德式香肠,包,601114,20*30真空袋,个,1,1,100,1,,主料
90021,擂辣椒皮蛋,斤,201012,家乐蚝油,克,6000,3.5714,100,0.0006,,主料
90021,擂辣椒皮蛋,斤,201165,家乐鸡汁,克,1000,4.9762,100,0.00498,,主料
90021,擂辣椒皮蛋,斤,201176,食盐(400g),克,400,18.1548,100,0.04539,,主料
90021,擂辣椒皮蛋,斤,202089,螺丝椒,克,500,1000,100,2,,主料
90021,擂辣椒皮蛋,斤,601114,20*30真空袋,个,1,0.5,100,0.5,,主料
90022,油杂半成品,包,,油杂,克,500,150,100,0.3,,主料
90022,油杂半成品,包,601114,20*30真空袋,个,1,1,100,1,,主料
90022,油杂半成品,个,601114,20*30真空袋,个,1,1,100,1,,主料
90024,木瓜酥半成品,个,100026,酥心,克,1,5.25,100,5.25,,主料
90024,木瓜酥半成品,个,601114,20*30真空袋,个,1,1,100,1,,主料
90025,芒果雪葩半成品,斤,109009,芒果,克,500,68.0263,69.5,0.19576,,主料
90025,芒果雪葩半成品,斤,201055,幼砂糖,克,500,86.8421,100,0.17368,,主料
90025,芒果雪葩半成品,斤,205102,水果基底粉（冷热做）,克,2500,28.9474,100,0.01158,,主料
90025,芒果雪葩半成品,斤,205106,法国芒果果茸,克,1000,26.1842,100,0.02618,,主料
90026,木瓜雪葩半成品,斤,109011,海南木瓜,个,1,79.7368,100,79.7368,,主料
90026,木瓜雪葩半成品,斤,201055,幼砂糖,克,500,86.8421,100,0.17368,,主料
90026,木瓜雪葩半成品,斤,205102,水果基底粉（冷热做）,克,2500,28.9474,100,0.01158,,主料
90027,香草冰淇淋半成品,斤,110009,雀巢淡奶油,ml,1000,49.5775,100,0.04958,,主料
90027,香草冰淇淋半成品,斤,201055,幼砂糖,克,500,68.4507,100,0.1369,,主料
90027,香草冰淇淋半成品,斤,205038,雀巢牛奶,ml,1000,381.9718,100,0.38197,,主料
90027,香草冰淇淋半成品,斤,205100,特色调味酱-特级香草,克,1500,11.4085,100,0.00761,,主料
90027,香草冰淇淋半成品,斤,205103,奶底基底粉（冷热做）50CF,克,2500,19.1549,100,0.00766,,主料
90027,香草冰淇淋半成品,斤,205122,结构改善剂(1kg装),克,1000,15.2113,100,0.01521,,主料
90028,提拉米苏冰淇淋半成品,斤,110009,雀巢淡奶油,ml,1000,46.2222,100,0.04622,,主料
90028,提拉米苏冰淇淋半成品,斤,201055,幼砂糖,克,500,64,100,0.128,,主料
90028,提拉米苏冰淇淋半成品,斤,205038,雀巢牛奶,ml,1000,355.5556,100,0.35556,,主料
90028,提拉米苏冰淇淋半成品,斤,205098,特色调味酱-提拉米苏,克,3800,44.4444,100,0.0117,,主料
90028,提拉米苏冰淇淋半成品,斤,205103,奶底基底粉（冷热做）50CF,克,2500,17.7778,100,0.00711,,主料
90028,提拉米苏冰淇淋半成品,斤,205122,结构改善剂(1kg装),克,1000,14.2222,100,0.01422,,主料
90029,蓝莓sorbet,斤,201055,幼砂糖,克,500,86.8421,100,0.17368,,主料
90029,蓝莓sorbet,斤,205101,纯天然水果调味酱-蓝莓,克,1500,26.1842,100,0.01746,,主料
90029,蓝莓sorbet,斤,205102,水果基底粉（冷热做）,克,2500,28.9474,100,0.01158,,主料
90029,蓝莓sorbet,斤,205105,法国蓝莓果茸,克,1000,26.1842,100,0.02618,,主料
90030,草莓牛奶冰淇淋半成品,斤,110009,雀巢淡奶油,ml,1000,47.6667,100,0.04767,,主料
90030,草莓牛奶冰淇淋半成品,斤,201055,幼砂糖,克,500,66,100,0.132,,主料
90030,草莓牛奶冰淇淋半成品,斤,205038,雀巢牛奶,ml,1000,366.6667,100,0.36667,,主料
90030,草莓牛奶冰淇淋半成品,斤,205103,奶底基底粉（冷热做）50CF,克,2500,19,100,0.0076,,主料
90030,草莓牛奶冰淇淋半成品,斤,205116,法布芮草莓调味酱,克,1500,37,100,0.02467,,主料
90030,草莓牛奶冰淇淋半成品,斤,205122,结构改善剂(1kg装),克,1000,14.6667,100,0.01467,,主料
90031,曲奇饼干牛奶冰淇淋半成品,斤,110009,雀巢淡奶油,ml,1000,45.8824,100,0.04588,,主料
90031,曲奇饼干牛奶冰淇淋半成品,斤,201055,幼砂糖,克,500,63.5294,100,0.12706,,主料
90031,曲奇饼干牛奶冰淇淋半成品,斤,205038,雀巢牛奶,ml,1000,352.9412,100,0.35294,,主料
90031,曲奇饼干牛奶冰淇淋半成品,斤,205103,奶底基底粉（冷热做）50CF,克,2500,17.6471,100,0.00706,,主料
90031,曲奇饼干牛奶冰淇淋半成品,斤,205115,法布芮曲奇饼干调味酱,克,1500,28.2353,100,0.01882,,主料
90031,曲奇饼干牛奶冰淇淋半成品,斤,205122,结构改善剂(1kg装),克,1000,14.1176,100,0.01412,,主料
90032,绿茶牛奶冰淇淋半成品,斤,110009,雀巢淡奶油,ml,1000,50,100,0.05,,主料
90032,绿茶牛奶冰淇淋半成品,斤,201055,幼砂糖,克,500,84.6154,100,0.16923,,主料
90032,绿茶牛奶冰淇淋半成品,斤,201184,朱师傅绿茶粉,克,500,19.2308,100,0.03846,,主料
90032,绿茶牛奶冰淇淋半成品,斤,205038,雀巢牛奶,ml,1000,384.6154,100,0.38462,,主料
90032,绿茶牛奶冰淇淋半成品,斤,205103,奶底基底粉（冷热做）50CF,克,2500,19.2308,100,0.00769,,主料
90032,绿茶牛奶冰淇淋半成品,斤,205122,结构改善剂(1kg装),克,1000,15.3846,100,0.01538,,主料
90033,生姜冰淇淋半成品,斤,110009,雀巢淡奶油,ml,1000,49.5238,100,0.04952,,主料
90033,生姜冰淇淋半成品,斤,201055,幼砂糖,克,500,68.5714,100,0.13714,,主料
90033,生姜冰淇淋半成品,斤,205038,雀巢牛奶,ml,1000,380.9524,100,0.38095,,主料
90033,生姜冰淇淋半成品,斤,205100,特色调味酱-特级香草,克,1500,7.619,100,0.00508,,主料
90033,生姜冰淇淋半成品,斤,205103,奶底基底粉（冷热做）50CF,克,2500,19.0476,100,0.00762,,主料
90033,生姜冰淇淋半成品,斤,205122,结构改善剂(1kg装),克,1000,15.2381,100,0.01524,,主料
90033,生姜冰淇淋半成品,斤,205135,生姜酱,,1500,11.4286,100,0.00762,,主料
90034,拇指包半成品,个,111293,猪肉馅,克,500,7.376,100,0.01475,,主料
90034,拇指包半成品,个,201047,凯雪特一粉,克,500,6.2775,100,0.01256,,主料
90034,拇指包半成品,个,201176,食盐(400g),克,400,0.0628,100,0.00016,,主料
90034,拇指包半成品,个,601114,20*30真空袋,个,1,1,100,1,,主料
90035,猪肉馅饼半成品,份,102012,保鲜去皮下五花,克,500,115.6,100,0.2312,,主料
90035,猪肉馅饼半成品,份,104022,海皇餐饮大豆油,克,500,3.75,100,0.0075,,主料
90035,猪肉馅饼半成品,份,201002,白糖,克,500,0.75,100,0.0015,,主料
90035,猪肉馅饼半成品,份,201009,风车牌生粉,克,500,1.27,100,0.00254,,主料
90035,猪肉馅饼半成品,份,201012,家乐蚝油,克,6000,6.7,100,0.00112,,主料
90035,猪肉馅饼半成品,份,201058,美味源金麦老抽,ML,630,1.35,100,0.00214,,主料
90035,猪肉馅饼半成品,份,201047,凯雪特一粉,克,500,76.7813,100,0.15356,,主料
90035,猪肉馅饼半成品,份,201176,食盐(400g),克,400,0.4914,100,0.00123,,主料
90035,猪肉馅饼半成品,份,201123,海天生抽/4.9L,ML,4900,0.67,100,0.00014,,主料
90035,猪肉馅饼半成品,份,201136,龙牌酱油/5L,ML,5000,0.9,100,0.00018,,主料
90035,猪肉馅饼半成品,份,201165,家乐鸡汁,克,1000,0.67,100,0.00067,,主料
90035,猪肉馅饼半成品,份,201176,食盐(400g),克,400,1.35,100,0.00338,,主料
90035,猪肉馅饼半成品,份,201191,家乐蒸鱼豉油,克,2350,1.35,100,0.00057,,主料
90035,猪肉馅饼半成品,份,202063,去皮老姜,克,500,16.48,100,0.03296,,主料
90035,猪肉馅饼半成品,份,918,香葱半成品,克,500,5,100,0.01,,主料
90035,猪肉馅饼半成品,份,610474,法厨保鲜膜,卷,1,0.0008,100,0.0008,,主料
90035,猪肉馅饼半成品,,,一次性白色塑料袋,个,1,1,100,1,,主料
90036,牛肉馅饼半成品,份,104022,海皇餐饮大豆油,克,500,14.51,100,0.02902,,主料
90036,牛肉馅饼半成品,份,201047,凯雪特一粉,克,500,76.7813,100,0.15356,,主料
90036,牛肉馅饼半成品,份,201176,食盐(400g),克,400,0.4914,100,0.00123,,主料
90036,牛肉馅饼半成品,份,106014,新鲜肥肉,克,500,12,100,0.024,,主料
90036,牛肉馅饼半成品,份,110063,佰茂牛肉丝,克,500,100,100,0.2,,主料
90036,牛肉馅饼半成品,份,201002,白糖,克,500,1.35,100,0.0027,,主料
90036,牛肉馅饼半成品,份,201009,风车牌生粉,克,500,1.35,100,0.0027,,主料
90036,牛肉馅饼半成品,份,201012,家乐蚝油,克,6000,6.7,100,0.00112,,主料
90036,牛肉馅饼半成品,份,201058,美味源金麦老抽,ML,630,1.35,100,0.00214,,主料
90036,牛肉馅饼半成品,份,201136,龙牌酱油/5L,ML,5000,0.9,100,0.00018,,主料
90036,牛肉馅饼半成品,份,201165,家乐鸡汁,克,1000,1.35,100,0.00135,,主料
90036,牛肉馅饼半成品,份,201176,食盐(400g),克,400,1.35,100,0.00338,,主料
90036,牛肉馅饼半成品,份,201191,家乐蒸鱼豉油,克,2350,1.35,100,0.00057,,主料
90036,牛肉馅饼半成品,份,202063,去皮老姜,克,500,3.94,100,0.00788,,主料
90036,牛肉馅饼半成品,份,902,香菜半成品,克,500,5,100,0.01,,主料
90036,牛肉馅饼半成品,份,,一次性白色塑料袋,个,1,1,100,1,,主料
90036,牛肉馅饼半成品,份,610474,法厨保鲜膜,卷,1,0.0009,100,0.0009,,主料
90037,鸡扒半成品,份,101001,鸡蛋,个,1,0.058,100,0.058,,主料
90037,鸡扒半成品,份,102018,西餐鸡腿,克,500,171,100,0.342,,主料
90037,鸡扒半成品,份,104022,海皇餐饮大豆油,克,500,11.14,100,0.02228,,主料
90037,鸡扒半成品,份,201002,白糖,克,500,0.5565,100,0.00111,,主料
90037,鸡扒半成品,份,201012,家乐蚝油,克,6000,0.5565,100,0.00009,,主料
90037,鸡扒半成品,份,201045,家乐鹰粟粉,克,1000,1.113,100,0.00111,,主料
90037,鸡扒半成品,份,201062,家乐安多夫松肉粉,克,453,0.8348,100,0.00184,,主料
90037,鸡扒半成品,份,201097,粤师傅五香粉,克,454,0.058,100,0.00013,,主料
90037,鸡扒半成品,份,201109,味好美蒜头粉,克,640,1.113,100,0.00174,,主料
90037,鸡扒半成品,份,201136,龙牌酱油/5L,ML,5000,0.58,100,0.00012,,主料
90037,鸡扒半成品,份,206035,张裕白兰地,ml,750,0.2667,100,0.00036,,主料
90037,鸡扒半成品,份,601112,28*40真空袋,个,1,0.17,100,0.17,,主料
90037,鸡扒半成品,份,610474,法厨保鲜膜,卷,1,0.0006,100,0.0006,,主料
90038,碳烤鸡翅半成品,包,102026,鸡翅中,克,500,1400,100,2.8,,主料
90038,碳烤鸡翅半成品,包,107011,味好美辣味腌料,包,1,0.0007,100,0.0007,,主料
90038,碳烤鸡翅半成品,包,201109,味好美蒜头粉,克,640,0.3522,100,0.00055,,主料
90038,碳烤鸡翅半成品,包,601112,28*40真空袋,个,1,1,100,1,,主料
90039,儿童牛扒半成品,份,101001,鸡蛋,个,1,0.0331,100,0.0331,,主料
90039,儿童牛扒半成品,份,104022,海皇餐饮大豆油,克,500,8.2706,100,0.01654,,主料
90039,儿童牛扒半成品,份,110026,F外西冷切片/180G,克,500,166,100,0.332,,主料
90039,儿童牛扒半成品,份,201002,白糖,克,500,0.3308,100,0.00066,,主料
90039,儿童牛扒半成品,份,201012,家乐蚝油,克,6000,0.3308,100,0.00006,,主料
90039,儿童牛扒半成品,份,201014,甄想记黑椒碎,克,455,0.1654,100,0.00036,,主料
90039,儿童牛扒半成品,份,201045,家乐鹰粟粉,克,1000,0.6616,100,0.00066,,主料
90039,儿童牛扒半成品,份,201062,家乐安多夫松肉粉,克,453,0.4962,100,0.0011,,主料
90039,儿童牛扒半成品,份,201097,粤师傅五香粉,克,454,0.0331,100,0.00007,,主料
90039,儿童牛扒半成品,份,201108,DAK洋葱粉,克,450,0.4962,100,0.0011,,主料
90039,儿童牛扒半成品,份,201109,味好美蒜头粉,克,640,0.4962,100,0.00078,,主料
90039,儿童牛扒半成品,份,201122,手斧食粉,克,454,0.6616,100,0.00146,,主料
90039,儿童牛扒半成品,份,201123,海天生抽/4.9L,ML,4900,1.6541,100,0.00034,,主料
90039,儿童牛扒半成品,份,201136,龙牌酱油/5L,ML,5000,2.0643,100,0.00041,,主料
90039,儿童牛扒半成品,份,201170,DAK孜然粉,克,440,0.1323,100,0.0003,,主料
90039,儿童牛扒半成品,份,601112,28*40真空袋,个,1,0.17,100,0.17,,主料
90039,儿童牛扒半成品,份,610474,法厨保鲜膜,卷,1,0.0005,100,0.0005,,主料
90040,带油西冷半成品,份,101001,鸡蛋,个,1,0.0394,100,0.0394,,主料
90040,带油西冷半成品,份,104022,海皇餐饮大豆油,克,500,9.5539,100,0.01911,,主料
90040,带油西冷半成品,份,110029,B外脊切片,克,500,214.2474,100,0.42849,,主料
90040,带油西冷半成品,份,201002,白糖,克,500,0.3828,100,0.00077,,主料
90040,带油西冷半成品,份,201012,家乐蚝油,克,6000,0.3828,100,0.00006,,主料
90040,带油西冷半成品,份,201014,甄想记黑椒碎,克,455,0.1929,100,0.00042,,主料
90040,带油西冷半成品,份,201045,家乐鹰粟粉,克,1000,0.7645,100,0.00076,,主料
90040,带油西冷半成品,份,201062,家乐安多夫松肉粉,克,453,0.7645,100,0.00169,,主料
90040,带油西冷半成品,份,201105,DAK什香草,克,170,0.0079,100,0.00005,,主料
90040,带油西冷半成品,份,201106,DAK百里香,克,198,0.0079,100,0.00004,,主料
90040,带油西冷半成品,份,201107,DAK迷迭香,克,170,0.0079,100,0.00005,,主料
90040,带油西冷半成品,份,201108,DAK洋葱粉,克,450,0.5747,100,0.00128,,主料
90040,带油西冷半成品,份,201109,味好美蒜头粉,克,640,0.5747,100,0.0009,,主料
90040,带油西冷半成品,份,201122,手斧食粉,克,454,0.7645,100,0.00168,,主料
90040,带油西冷半成品,份,201123,海天生抽/4.9L,ML,4900,2.1525,100,0.00044,,主料
90040,带油西冷半成品,份,201136,龙牌酱油/5L,ML,5000,2.583,100,0.00052,,主料
90040,带油西冷半成品,份,601112,28*40真空袋,个,1,0.17,100,0.17,,主料
90041,澳扒半成品,份,101001,鸡蛋,个,1,0.0331,100,0.0331,,主料
90041,澳扒半成品,份,104022,海皇餐饮大豆油,克,500,10.6324,100,0.02126,,主料
90041,澳扒半成品,份,110026,F外西冷切片/180G,克,500,213,100,0.426,,主料
90041,澳扒半成品,份,201002,白糖,克,500,0.4253,100,0.00085,,主料
90041,澳扒半成品,份,201012,家乐蚝油,克,6000,0.4253,100,0.00007,,主料
90041,澳扒半成品,份,201014,甄想记黑椒碎,克,455,0.2126,100,0.00047,,主料
90041,澳扒半成品,份,201045,家乐鹰粟粉,克,1000,0.8506,100,0.00085,,主料
90041,澳扒半成品,份,201062,家乐安多夫松肉粉,克,453,0.6379,100,0.00141,,主料
90041,澳扒半成品,份,201097,粤师傅五香粉,克,454,0.0425,100,0.00009,,主料
90041,澳扒半成品,份,201108,DAK洋葱粉,克,450,0.6379,100,0.00142,,主料
90041,澳扒半成品,份,201109,味好美蒜头粉,克,640,0.6379,100,0.001,,主料
90041,澳扒半成品,份,201122,手斧食粉,克,454,0.8506,100,0.00187,,主料
90041,澳扒半成品,份,201123,海天生抽/4.9L,ML,4900,2.1265,100,0.00043,,主料
90041,澳扒半成品,份,201136,龙牌酱油/5L,ML,5000,2.6538,100,0.00053,,主料
90041,澳扒半成品,份,201170,DAK孜然粉,克,440,0.1701,100,0.00039,,主料
90041,澳扒半成品,份,601112,28*40真空袋,个,1,0.17,100,0.17,,主料
90042,牛仔骨半成品,份,101001,鸡蛋,个,1,0.0242,100,0.0242,,主料
90042,牛仔骨半成品,份,104022,海皇餐饮大豆油,克,500,5.9582,100,0.01192,,主料
90042,牛仔骨半成品,份,107011,味好美辣味腌料,包,1,0.001,100,0.001,,主料
90042,牛仔骨半成品,份,110025,牛仔骨,克,500,270,100,0.54,,主料
90042,牛仔骨半成品,份,201002,白糖,克,500,0.2383,100,0.00048,,主料
90042,牛仔骨半成品,份,201012,家乐蚝油,克,6000,0.2383,100,0.00004,,主料
90042,牛仔骨半成品,份,201014,甄想记黑椒碎,克,455,0.1192,100,0.00026,,主料
90042,牛仔骨半成品,份,201045,家乐鹰粟粉,克,1000,0.3575,100,0.00036,,主料
90042,牛仔骨半成品,份,201062,家乐安多夫松肉粉,克,453,0.3575,100,0.00079,,主料
90042,牛仔骨半成品,份,201075,王守义十三香,克,40,0.1208,100,0.00302,,主料
90042,牛仔骨半成品,份,201097,粤师傅五香粉,克,454,0.0483,100,0.00011,,主料
90042,牛仔骨半成品,份,201108,DAK洋葱粉,克,450,0.3575,100,0.00079,,主料
90042,牛仔骨半成品,份,201109,味好美蒜头粉,克,640,0.3575,100,0.00056,,主料
90042,牛仔骨半成品,份,201122,手斧食粉,克,454,0.4767,100,0.00105,,主料
90042,牛仔骨半成品,份,201136,龙牌酱油/5L,ML,5000,0.1908,100,0.00004,,主料
90042,牛仔骨半成品,份,201170,DAK孜然粉,克,440,0.1208,100,0.00027,,主料
90042,牛仔骨半成品,份,601112,28*40真空袋,个,1,0.5,100,0.5,,主料
90042,牛仔骨半成品,份,610474,法厨保鲜膜,卷,1,0.002,100,0.002,,主料
90043,牛肉丝半成品,斤,101001,鸡蛋,个,1,0.0902,100,0.0902,,主料
90043,牛肉丝半成品,斤,104022,海皇餐饮大豆油,克,500,23.4488,100,0.0469,,主料
90043,牛肉丝半成品,斤,110063,佰茂牛肉丝,克,500,469,100,0.938,,主料
90043,牛肉丝半成品,斤,201012,家乐蚝油,克,6000,2.8139,100,0.00047,,主料
90043,牛肉丝半成品,斤,201014,甄想记黑椒碎,克,455,0.469,100,0.00103,,主料
90043,牛肉丝半成品,斤,201062,家乐安多夫松肉粉,克,453,1.8759,100,0.00414,,主料
90043,牛肉丝半成品,斤,201122,手斧食粉,克,454,1.8759,100,0.00413,,主料
90043,牛肉丝半成品,斤,201123,海天生抽/4.9L,ML,4900,4.6998,100,0.00096,,主料
90043,牛肉丝半成品,斤,201136,龙牌酱油/5L,ML,5000,2.8139,100,0.00056,,主料
90043,牛肉丝半成品,斤,601114,20*30真空袋,个,1,1,100,1,,主料
90044,金牛扒半成品,份,101001,鸡蛋,个,1,0.0383,100,0.0383,,主料
90044,金牛扒半成品,份,104022,海皇餐饮大豆油,克,500,9.5656,100,0.01913,,主料
90044,金牛扒半成品,份,110026,F外西冷切片/180G,克,500,192,100,0.384,,主料
90044,金牛扒半成品,份,201002,白糖,克,500,0.3826,100,0.00077,,主料
90044,金牛扒半成品,份,201012,家乐蚝油,克,6000,0.3826,100,0.00006,,主料
90044,金牛扒半成品,份,201014,甄想记黑椒碎,克,455,0.1913,100,0.00042,,主料
90044,金牛扒半成品,份,201045,家乐鹰粟粉,克,1000,0.7653,100,0.00077,,主料
90044,金牛扒半成品,份,201062,家乐安多夫松肉粉,克,453,0.5739,100,0.00127,,主料
90044,金牛扒半成品,份,201097,粤师傅五香粉,克,454,0.0383,100,0.00008,,主料
90044,金牛扒半成品,份,201108,DAK洋葱粉,克,450,0.5739,100,0.00128,,主料
90044,金牛扒半成品,份,201109,味好美蒜头粉,克,640,0.5739,100,0.0009,,主料
90044,金牛扒半成品,份,201122,手斧食粉,克,454,0.7653,100,0.00169,,主料
90044,金牛扒半成品,份,201123,海天生抽/4.9L,ML,4900,1.9131,100,0.00039,,主料
90044,金牛扒半成品,份,201136,龙牌酱油/5L,ML,5000,2.3876,100,0.00048,,主料
90044,金牛扒半成品,份,201170,DAK孜然粉,克,440,0.1531,100,0.00035,,主料
90044,金牛扒半成品,份,601112,28*40真空袋,个,1,0.17,100,0.17,,主料
90044,金牛扒半成品,份,610474,法厨保鲜膜,卷,1,0.0006,100,0.0006,,主料
90045,湘味牛扒半成品,份,101001,鸡蛋,个,1,0.0308,100,0.0308,,主料
90045,湘味牛扒半成品,份,104022,海皇餐饮大豆油,克,500,8.0279,100,0.01606,,主料
90045,湘味牛扒半成品,份,107011,味好美辣味腌料,包,1,0.0014,100,0.0014,,主料
90045,湘味牛扒半成品,份,110026,F外西冷切片/180G,克,500,192,100,0.384,,主料
90045,湘味牛扒半成品,份,201002,白糖,克,500,0.3211,100,0.00064,,主料
90045,湘味牛扒半成品,份,201012,家乐蚝油,克,6000,0.3211,100,0.00005,,主料
90045,湘味牛扒半成品,份,201014,甄想记黑椒碎,克,455,0.1606,100,0.00035,,主料
90045,湘味牛扒半成品,份,201045,家乐鹰粟粉,克,1000,0.4817,100,0.00048,,主料
90045,湘味牛扒半成品,份,201062,家乐安多夫松肉粉,克,453,0.4817,100,0.00106,,主料
90045,湘味牛扒半成品,份,201075,王守义十三香,克,40,0.1606,100,0.00402,,主料
90045,湘味牛扒半成品,份,201097,粤师傅五香粉,克,454,0.0646,100,0.00014,,主料
90045,湘味牛扒半成品,份,201108,DAK洋葱粉,克,450,0.4817,100,0.00107,,主料
90045,湘味牛扒半成品,份,201109,味好美蒜头粉,克,640,0.4817,100,0.00075,,主料
90045,湘味牛扒半成品,份,201122,手斧食粉,克,454,0.6422,100,0.00141,,主料
90045,湘味牛扒半成品,份,201136,龙牌酱油/5L,ML,5000,1.6085,100,0.00032,,主料
90045,湘味牛扒半成品,份,201170,DAK孜然粉,克,440,0.1606,100,0.00037,,主料
90045,湘味牛扒半成品,份,601112,28*40真空袋,个,1,0.17,100,0.17,,主料
90045,湘味牛扒半成品,份,610474,法厨保鲜膜,卷,1,0.0006,100,0.0006,,主料
90046,带骨猪扒半成品,份,101001,鸡蛋,个,1,0.0405,100,0.0405,,主料
90046,带骨猪扒半成品,份,104022,海皇餐饮大豆油,克,500,8.0997,100,0.0162,,主料
90046,带骨猪扒半成品,份,110042,带骨猪扒,克,500,202,100,0.404,,主料
90046,带骨猪扒半成品,份,201002,白糖,克,500,0.405,100,0.00081,,主料
90046,带骨猪扒半成品,份,201012,家乐蚝油,克,6000,0.405,100,0.00007,,主料
90046,带骨猪扒半成品,份,201014,甄想记黑椒碎,克,455,0.2025,100,0.00045,,主料
90046,带骨猪扒半成品,份,201045,家乐鹰粟粉,克,1000,0.81,100,0.00081,,主料
90046,带骨猪扒半成品,份,201062,家乐安多夫松肉粉,克,453,0.81,100,0.00179,,主料
90046,带骨猪扒半成品,份,201097,粤师傅五香粉,克,454,0.0405,100,0.00009,,主料
90046,带骨猪扒半成品,份,601112,28*40真空袋,个,1,0.34,100,0.34,,主料
90046,带骨猪扒半成品,份,610474,法厨保鲜膜,卷,1,0.001,100,0.001,,主料
90048,双拼牛扒半成品,份,101001,鸡蛋,个,1,0.0189,100,0.0189,,主料
90048,双拼牛扒半成品,份,104022,海皇餐饮大豆油,克,500,4.7211,100,0.00944,,主料
90048,双拼牛扒半成品,份,110026,F外西冷切片/180G,克,500,95,100,0.19,,主料
90048,双拼牛扒半成品,份,201002,白糖,克,500,0.1888,100,0.00038,,主料
90048,双拼牛扒半成品,份,201012,家乐蚝油,克,6000,0.1888,100,0.00003,,主料
90048,双拼牛扒半成品,份,201014,甄想记黑椒碎,克,455,0.0944,100,0.00021,,主料
90048,双拼牛扒半成品,份,201045,家乐鹰粟粉,克,1000,0.3777,100,0.00038,,主料
90048,双拼牛扒半成品,份,201062,家乐安多夫松肉粉,克,453,0.2833,100,0.00063,,主料
90048,双拼牛扒半成品,份,201097,粤师傅五香粉,克,454,0.0189,100,0.00004,,主料
90048,双拼牛扒半成品,份,201108,DAK洋葱粉,克,450,0.2833,100,0.00063,,主料
90048,双拼牛扒半成品,份,201109,味好美蒜头粉,克,640,0.2833,100,0.00044,,主料
90048,双拼牛扒半成品,份,201122,手斧食粉,克,454,0.3777,100,0.00083,,主料
90048,双拼牛扒半成品,份,201123,海天生抽/4.9L,ML,4900,0.9442,100,0.00019,,主料
90048,双拼牛扒半成品,份,201136,龙牌酱油/5L,ML,5000,1.1784,100,0.00024,,主料
90048,双拼牛扒半成品,份,201170,DAK孜然粉,克,440,0.0755,100,0.00017,,主料
90048,双拼牛扒半成品,份,601112,28*40真空袋,个,1,0.17,100,0.17,,主料
90048,双拼牛扒半成品,份,610474,法厨保鲜膜,卷,1,0.0006,100,0.0006,,主料
90049,土豆牛仔骨半成品,包,101001,鸡蛋,个,1,0.1058,100,0.1058,,主料
90049,土豆牛仔骨半成品,包,104022,海皇餐饮大豆油,克,500,26.0976,100,0.0522,,主料
90049,土豆牛仔骨半成品,包,107011,味好美辣味腌料,包,1,0.042,100,0.042,,主料
90049,土豆牛仔骨半成品,包,110025,牛仔骨,克,500,362,100,0.724,,主料
90049,土豆牛仔骨半成品,包,201002,白糖,克,500,1.0439,100,0.00209,,主料
90049,土豆牛仔骨半成品,包,201012,家乐蚝油,克,6000,1.0439,100,0.00017,,主料
90049,土豆牛仔骨半成品,包,201014,甄想记黑椒碎,克,455,0.522,100,0.00115,,主料
90049,土豆牛仔骨半成品,包,201045,家乐鹰粟粉,克,1000,1.5659,100,0.00157,,主料
90049,土豆牛仔骨半成品,包,201062,家乐安多夫松肉粉,克,453,1.5659,100,0.00346,,主料
90049,土豆牛仔骨半成品,包,201075,王守义十三香,克,40,0.529,100,0.01323,,主料
90049,土豆牛仔骨半成品,包,201097,粤师傅五香粉,克,454,0.2116,100,0.00047,,主料
90049,土豆牛仔骨半成品,包,201108,DAK洋葱粉,克,450,1.5659,100,0.00348,,主料
90049,土豆牛仔骨半成品,包,201109,味好美蒜头粉,克,640,1.5659,100,0.00245,,主料
90049,土豆牛仔骨半成品,包,201122,手斧食粉,克,454,2.0878,100,0.0046,,主料
90049,土豆牛仔骨半成品,包,201136,龙牌酱油/5L,ML,5000,0.8358,100,0.00017,,主料
90049,土豆牛仔骨半成品,包,201170,DAK孜然粉,克,440,0.529,100,0.0012,,主料
90049,土豆牛仔骨半成品,包,601112,28*40真空袋,个,1,1,100,1,,主料
90050,瑞典肉丸半成品,包,601114,20*30真空袋,个,1,1,100,1,,主料
90050,瑞典肉丸半成品,包,111202,牛扒边角料半成品,克,500,12.6582,100,0.02532,,主料
90051,德国猪肘,包,,德国猪肘,克,1000,400,100,0.4,,主料
90051,德国猪肘,包,610556,18*24真空袋,个,1,1,100,1,,主料
90058,韩国辣素半成品,包,601114,20*30真空袋,个,1,1,100,1,,主料
90058,韩国辣素半成品,包,201197,韩国辣素,ml,1800,250,100,0.13889,,主料
90067,蕨根粉半成品,斤,111291,清汤半成品,克,500,157.9,100,0.3158,,主料
90067,蕨根粉半成品,斤,201002,白糖,克,500,10.55,100,0.0211,,主料
90067,蕨根粉半成品,斤,201123,海天生抽/4.9L,ML,4900,77.42,100,0.0158,,主料
90067,蕨根粉半成品,斤,201136,龙牌酱油/5L,ML,5000,5.5,100,0.0011,,主料
90067,蕨根粉半成品,斤,201153,陈醋,克,500,79.206,100,0.15841,,主料
90067,蕨根粉半成品,斤,201176,食盐(400g),克,400,15.8,100,0.0395,,主料
90067,蕨根粉半成品,斤,201191,家乐蒸鱼豉油,克,2350,85.305,100,0.0363,,主料
90067,蕨根粉半成品,斤,202062,干蒜子,克,500,32.9,100,0.0658,,主料
90067,蕨根粉半成品,斤,202082,红朝天椒,克,500,76.3,100,0.1526,,主料
90068,榴莲馅,斤,109040,榴莲,克,500,1650.5,100,3.301,,主料
90068,榴莲馅,斤,201002,白糖,克,500,38.85,100,0.0777,,主料
90068,榴莲馅,斤,201038,秋菊糯米粉,克,400,62.12,100,0.1553,,主料
90068,榴莲馅,斤,201045,家乐鹰粟粉,克,1000,38.8,100,0.0388,,主料
90069,酥皮,个,201002,白糖,克,500,0.5,100,0.001,,主料
90069,酥皮,个,201022,车轮牌黄油,克,18000,3.2,100,0.00018,,主料
90069,酥皮,个,201047,凯雪特一粉,克,500,2.75,100,0.0055,,主料
90069,酥皮,个,201175,狮唛吉士粉,克,300,0.21,100,0.0007,,主料
90069,酥皮,斤,101001,鸡蛋,个,1,0.02,100,0.02,,主料
90070,木瓜馅,斤,109011,海南木瓜,个,1,0.0253,100,0.0253,,主料
90070,木瓜馅,斤,201002,白糖,克,500,0.8,100,0.0016,,主料
90070,木瓜馅,斤,201038,秋菊糯米粉,克,400,0.64,100,0.0016,,主料
90070,木瓜馅,斤,201045,家乐鹰粟粉,克,1000,0.8,100,0.0008,,主料
1501,猪肉馅,斤,102012,保鲜去皮下五花,克,500,462.3565,100,0.92471,,主料
1501,猪肉馅,斤,104022,海皇餐饮大豆油,克,500,3.7546,100,0.00751,,主料
1501,猪肉馅,斤,111086,去皮老姜半成品,克,500,16.4835,100,0.03297,,主料
1501,猪肉馅,斤,201002,白糖,克,500,0.7546,100,0.00151,,主料
1501,猪肉馅,斤,201009,风车牌生粉,克,500,1.2729,100,0.00255,,主料
1501,猪肉馅,斤,201012,家乐蚝油,克,6000,6.7582,100,0.00113,,主料
1501,猪肉馅,斤,201058,美味源金麦老抽,ML,630,1.3516,100,0.00215,,主料
1501,猪肉馅,斤,201123,海天生抽/4.9L,ML,4900,0.6758,100,0.00014,,主料
1501,猪肉馅,斤,201136,龙牌酱油/5L,ML,5000,0.9011,100,0.00018,,主料
1501,猪肉馅,斤,201165,家乐鸡汁,克,1000,0.6758,100,0.00068,,主料
1501,猪肉馅,斤,201176,食盐(400g),克,400,1.3516,100,0.00338,,主料
1501,猪肉馅,斤,201191,家乐蒸鱼豉油,克,2350,1.3516,100,0.00058,,主料
1502,牛肉馅,斤,104022,海皇餐饮大豆油,克,500,14.5161,100,0.02903,,主料
1502,牛肉馅,斤,106014,新鲜肥肉,克,500,46.2366,100,0.09247,,主料
1502,牛肉馅,斤,110063,佰茂牛肉丝,,500,415.3565,100,0.83071,,主料
1502,牛肉馅,斤,111086,去皮老姜半成品,克,500,34.9462,100,0.06989,,主料
1502,牛肉馅,斤,201002,白糖,克,500,2.2796,100,0.00456,,主料
1502,牛肉馅,斤,201009,风车牌生粉,克,500,2.7742,100,0.00555,,主料
1502,牛肉馅,斤,201012,家乐蚝油,克,6000,13.871,100,0.00231,,主料
1502,牛肉馅,斤,201058,美味源金麦老抽,ML,630,2.7742,100,0.0044,,主料
1502,牛肉馅,斤,201136,龙牌酱油/5L,ML,5000,1.8495,100,0.00037,,主料
1502,牛肉馅,斤,201165,家乐鸡汁,克,1000,2.7742,100,0.00277,,主料
1502,牛肉馅,斤,201176,食盐(400g),克,400,2.7742,100,0.00694,,主料
1502,牛肉馅,斤,201191,家乐蒸鱼豉油,克,2350,2.7742,100,0.00118,,主料
1503,馅饼皮,斤,201047,凯雪特一粉,克,500,76.7813,100,0.15356,,主料
1503,馅饼皮,斤,201176,食盐(400g),克,400,0.4914,100,0.00123,,主料
1504,红油半成品,斤,103001,白芝麻,克,500,4,100,0.008,,主料
1504,红油半成品,斤,103017,肉桂,克,500,12,100,0.024,,主料
1504,红油半成品,斤,103019,八角,克,500,12,100,0.024,,主料
1504,红油半成品,斤,103023,花椒粒,克,500,6,100,0.012,,主料
1504,红油半成品,斤,103030,丁香,克,500,0.8,100,0.0016,,主料
1504,红油半成品,斤,103031,草果,克,500,4,100,0.008,,主料
1504,红油半成品,斤,103033,白寇,克,500,2,100,0.004,,主料
1504,红油半成品,斤,103034,香叶,克,500,1.2,100,0.0024,,主料
1504,红油半成品,斤,103039,小茴香,克,500,0.8,100,0.0016,,主料
1504,红油半成品,斤,103055,香茅草,,500,2,100,0.004,,主料
1504,红油半成品,斤,103056,紫草,,500,2,100,0.004,,主料
1504,红油半成品,斤,104022,海皇餐饮大豆油,克,500,640,100,1.28,,主料
1504,红油半成品,斤,111086,去皮老姜半成品,克,500,24,100,0.048,,主料
1504,红油半成品,斤,201016,红辣椒粉,克,500,100,100,0.2,,主料
1504,红油半成品,斤,201075,王守义十三香,克,40,1.92,100,0.048,,主料
1504,红油半成品,斤,202006,红柿椒,克,500,24,100,0.048,,主料
1504,红油半成品,斤,202034,芹菜,克,500,24,100,0.048,,主料
1504,红油半成品,斤,202058,剥皮洋葱,克,500,24,100,0.048,,主料
1507,酥心,斤,201022,车轮牌黄油,克,18000,480,100,0.02667,,主料
1507,酥心,斤,201047,凯雪特一粉,克,500,264,100,0.528,,主料
1507,酥心,斤,201145,车轮牌起酥油,克,16000,2160,100,0.135,,主料
1508,韩国泡菜（汁）,斤,103070,干红辣椒面,,500,13.35,100,0.0267,,主料
1508,韩国泡菜（汁）,斤,109007,梨子,克,500,100,100,0.2,,主料
1508,韩国泡菜（汁）,斤,109023,苹果（富士）,克,500,100,76.88,0.26015,,主料
1508,韩国泡菜（汁）,斤,201038,秋菊糯米粉,克,400,21.32,100,0.0533,,主料
1508,韩国泡菜（汁）,斤,201097,粤师傅五香粉,克,454,239.94,100,0.5285,,主料
1508,韩国泡菜（汁）,斤,202062,干蒜子,克,500,13.35,100,0.0267,,主料
1508,韩国泡菜（汁）,斤,202063,去皮老姜,克,500,13.35,100,0.0267,,主料
1509,韩国泡菜半半成品,斤,201002,白糖,克,500,50,100,0.1,,主料
1509,韩国泡菜半半成品,斤,201198,粗盐,克,500,107.15,100,0.2143,,主料
1509,韩国泡菜半半成品,斤,202169,高山娃娃菜,克,1,0.8857,100,0.8857,,主料
1510,小云耳（泡）,斤,103052,东北黑山小木耳1.3,克,500,110,100,0.22,,主料
1511,爽口小云耳（汁）,斤,103006,黄整干椒,克,500,1.8,100,0.0036,,主料
1511,爽口小云耳（汁）,斤,111291,清汤,克,500,181.81,100,0.36362,,主料
1511,爽口小云耳（汁）,斤,201002,白糖,克,500,45.45,100,0.0909,,主料
1511,爽口小云耳（汁）,斤,201123,海天生抽/4.9L,ML,4900,140.14,100,0.0286,,主料
1511,爽口小云耳（汁）,斤,201136,龙牌酱油/5L,ML,5000,18,100,0.0036,,主料
1511,爽口小云耳（汁）,斤,201153,陈醋,克,500,136.826,100,0.27365,,主料
1511,爽口小云耳（汁）,斤,201176,食盐(400g),克,400,36.36,100,0.0909,,主料
1511,爽口小云耳（汁）,,601114,20*30真空袋,个,1,1,100,1,,主料
